result_id,det_index,matched,matched_track_id,e,n,lat,lon,utc,range,direction
1,0,0,-1,650565.307375,4357121.975048,39.334746774037,118.746212443551,40205.582031250000,14097.755514606130,-24.859128328648
1,1,0,-1,649314.602815,4353267.657455,39.300258231874,118.731166160729,40205.968750000000,16594.386594827709,-36.754905952260
1,2,0,-1,649592.021739,4353462.101212,39.301960094881,118.734382383415,40205.968750000000,16259.541719088122,-36.587638034581
1,3,0,-1,649938.934702,4353228.450195,39.299797645920,118.738404275291,40205.968750000000,16057.889000589934,-37.887409373256
1,4,0,-1,649861.690288,4355020.511287,39.315958387495,118.737508752026,40206.093750000000,15408.707602899005,-31.792946836296
1,5,0,-1,649859.976798,4354981.792898,39.315610286773,118.737488886900,40206.093750000000,15424.767773343712,-31.925322732600
1,6,0,-1,649739.287839,4354926.453224,39.315133188456,118.736089694663,40206.093750000000,15557.428461992389,-31.946359715243
1,7,0,-1,649762.510322,4354984.615299,39.315652531599,118.736358921613,40206.093750000000,15514.141187704034,-31.780900090147
1,8,0,-1,651159.202183,4352418.585001,39.292297596671,118.752003337532,40206.351562500000,15439.431962704854,-42.644250224481
1,9,0,-1,652081.957701,4352408.296572,39.292043708617,118.762697816501,40206.351562500000,14677.319780198670,-44.627631291521
1,10,0,-1,651077.753275,4352497.073238,39.293029002137,118.751059366828,40206.351562500000,15465.266923347206,-42.234035893120
1,11,0,-1,650758.365441,4352273.387955,39.291060845850,118.747357747734,40206.351562500000,15855.501609952476,-42.303912143423
1,12,0,-1,650799.444255,4352242.631462,39.290776950559,118.747833840222,40206.351562500000,15837.354512566153,-42.478129778583
1,13,0,-1,652054.214993,4352478.152319,39.292688109858,118.762376286433,40206.351562500000,14659.848273038497,-44.338335214131
1,14,0,-1,652130.044582,4352486.234468,39.292747537600,118.763255129697,40206.351562500000,14592.754209244500,-44.480864186636
1,15,0,-1,652083.028066,4352506.575099,39.292938812786,118.762710221728,40206.351562500000,14620.011840541258,-44.309771363022
1,16,0,-1,652105.209215,4352593.143769,39.293713888003,118.762967294908,40206.351562500000,14552.914476638867,-44.078159648266
1,17,0,-1,650232.383234,4351756.036665,39.286496812036,118.741261752229,40206.351562500000,16576.950296516530,-42.836868389265
1,18,0,-1,650790.266612,4352244.158791,39.290792289454,118.747727473784,40206.480468750000,15839.448750214922,-42.474070938669
1,19,0,-1,650688.582088,4352350.221593,39.291764339557,118.746548977238,40206.480468750000,15868.763073623606,-41.951817599257
1,20,0,-1,651407.881039,4352374.566601,39.291858133130,118.754885457286,40206.480468750000,15250.187130919199,-43.308402451448
1,21,0,-1,650473.981498,4351965.790157,39.288342340980,118.744061813083,40206.480468750000,16255.357022508158,-42.697110766015
1,22,0,-1,650637.349292,4351201.384941,39.281424666838,118.745955202733,40206.609375000000,16505.803416466937,-45.339770720049
1,23,0,-1,651932.902129,4351178.293213,39.280990902995,118.760970304850,40206.609375000000,15482.024983743398,-48.191033189070
1,24,0,-1,651881.878989,4350932.142857,39.278784868102,118.760378961100,40206.609375000000,15675.412890293490,-48.781014684292
1,25,0,-1,651983.549199,4351140.184032,39.280639114233,118.761557290007,40206.609375000000,15465.965776722391,-48.418765356377
1,26,0,-1,652166.813076,4350712.389726,39.276757535531,118.763681266001,40206.734375000000,15590.243400401841,-50.081598815479
1,27,0,-1,651706.097015,4350376.604861,39.273827135976,118.757792387493,40206.734375000000,16195.353831515869,-49.829482872835
1,28,0,-1,652008.702778,4350672.793505,39.276428964659,118.761848812837,40206.734375000000,15736.842568975540,-49.821252494885
1,29,0,-1,652041.175342,4350644.912640,39.276172394394,118.762225160596,40206.734375000000,15729.862143160086,-49.975239109723
1,30,0,-1,652987.089394,4350898.137437,39.278284635714,118.773188028323,40206.863281250000,14845.028736849999,-51.593756593943
1,31,0,-1,652989.078251,4350921.128742,39.278491165976,118.773211078576,40206.863281250000,14828.259470050136,-51.531284268699
1,32,0,-1,651893.049833,4350105.049358,39.271350868304,118.759958440675,40206.863281250000,16225.356344399443,-50.999314985193
1,33,0,-1,651857.232037,4350178.277229,39.272016056682,118.759543452311,40206.863281250000,16204.424615293559,-50.720042210409
1,34,0,-1,653136.169257,4349498.208469,39.265660892520,118.774361328085,40207.121093750000,15731.259025707936,-55.687979506287
1,35,0,-1,652935.665993,4349078.871209,39.261922895936,118.772038281729,40207.121093750000,16139.534250172321,-56.337902741665
1,36,0,-1,652904.702477,4349141.275442,39.262489932148,118.771679535981,40207.121093750000,16115.809735911836,-56.105717291020
1,37,0,-1,654321.367324,4350705.996791,39.276319329276,118.788651897901,40207.121093750000,14005.436447071290,-55.859065499712
1,38,0,-1,652860.702454,4349259.032212,39.263557284567,118.771169748214,40207.121093750000,16094.875910013974,-55.578645253148
1,39,0,-1,652628.032172,4350774.380113,39.277234298572,118.769026661466,40207.246093750000,15183.140662806063,-51.089150755799
1,40,0,-1,652627.280023,4350791.160464,39.277385424409,118.769017944279,40207.246093750000,15172.663946975215,-51.039594318276
1,41,0,-1,652201.874394,4350574.861684,39.275524305112,118.763536510416,40207.246093750000,15671.923804461803,-50.495556090506
1,42,0,-1,653334.560780,4351427.843854,39.283000717375,118.777215116983,40207.246093750000,14220.840225055186,-50.984003408621
1,43,0,-1,652551.486548,4350957.194737,39.278892827103,118.768139520111,40207.246093750000,15122.374021419326,-50.380412761478
1,44,0,-1,652694.604596,4351113.356781,39.280272824766,118.769798216281,40207.246093750000,14912.103360356934,-50.281112056229
1,45,0,-1,653271.749051,4351284.173380,39.281719039517,118.776487148099,40207.246093750000,14362.776624745891,-51.251169673100
1,46,0,-1,651848.463875,4350082.124337,39.271152384676,118.759441863562,40207.246093750000,16261.637854205765,-51.003869013822
1,47,0,-1,653257.074901,4351275.455071,39.281643183232,118.776317079145,40207.246093750000,14379.555539846962,-51.237372690977
1,48,0,-1,652445.321239,4350581.537713,39.275541655666,118.766357106950,40207.246093750000,15483.422774705190,-51.063390697344
1,49,0,-1,652786.771793,4351106.497593,39.280194873003,118.770866406892,40207.246093750000,14846.427018593182,-50.531834640282
1,50,0,-1,652365.662582,4350533.734045,39.275125493835,118.765434174840,40207.246093750000,15574.885209031614,-51.003869013822
1,51,0,-1,652759.057990,4351079.807701,39.279959592789,118.770545212100,40207.246093750000,14884.855277000048,-50.539890848408
1,52,0,-1,652360.887837,4350514.787212,39.274955843976,118.765378854234,40207.246093750000,15590.942613807521,-51.043562658183
1,53,0,-1,651899.430624,4350136.192613,39.271629985907,118.760032369121,40207.246093750000,16187.679732599630,-50.978040653475
1,54,0,-1,652953.293299,4351192.486460,39.280939270430,118.772796341669,40207.246093750000,14664.043549856659,-50.700618859957
1,55,0,-1,651643.743247,4350048.925572,39.270889444159,118.757069950670,40207.246093750000,16438.140817348147,-50.622361967542
1,56,0,-1,653100.027522,4351257.821106,39.281501277495,118.774496947389,40207.246093750000,14510.278881587101,-50.884497797697
1,57,0,-1,651925.836393,4350072.106231,39.271048700449,118.760338308836,40207.246093750000,16210.007234162193,-51.211728745738
1,58,0,-1,651676.515328,4350046.152609,39.270858766368,118.757449651193,40207.246093750000,16415.120246406583,-50.704628181000
1,59,0,-1,653326.655976,4351288.465602,39.281747957107,118.777123502707,40207.246093750000,14318.730231043957,-51.382958173136
1,60,0,-1,653140.180733,4351265.958490,39.281567410765,118.774962311032,40207.246093750000,14474.629219092996,-50.964127558136
1,61,0,-1,653087.045712,4350992.264110,39.279114025708,118.774346492104,40207.246093750000,14695.491830285549,-51.633243625082
1,62,0,-1,651966.718312,4350375.243956,39.273769300797,118.760811970570,40207.246093750000,15980.430712817515,-50.491522863801
1,63,0,-1,651943.162918,4350303.074948,39.273123977546,118.760539055581,40207.246093750000,16045.331165479558,-50.632405760716
1,64,0,-1,653149.452423,4351312.670590,39.281997067472,118.775069767118,40207.246093750000,14436.181697879243,-50.844609492945
1,65,0,-1,651995.287186,4350432.016277,39.274275149065,118.761142972196,40207.246093750000,15921.807527043451,-50.402662102699
1,66,0,-1,651961.451627,4350311.767735,39.273198995640,118.760750950265,40207.246093750000,16025.791660428433,-50.650475026165
1,67,0,-1,654738.851581,4348760.204095,39.258724861995,118.792930108585,40204.175781250000,15276.719912927090,-61.581776208074
1,68,0,-1,654744.320850,4348744.327803,39.258581028419,118.792993475824,40204.175781250000,15285.798714408782,-61.633514891037
1,69,0,-1,655472.797455,4349813.002606,39.268078151545,118.801433640099,40204.175781250000,14025.712842362644,-61.115199155681
1,70,0,-1,654079.261645,4350952.235542,39.278578086383,118.785845969710,40204.175781250000,14090.758418739497,-53.929180124957
1,71,0,-1,654639.362977,4348551.538345,39.256864916166,118.791777428321,40204.175781250000,15502.267219030105,-61.769674712141
1,72,0,-1,654419.864143,4347893.237335,39.250991125095,118.788675786345,40204.175781250000,16185.579541347139,-62.458144120100
1,73,0,-1,655002.338729,4349702.701162,39.267169720139,118.795982884026,40204.304687500000,14406.113392364765,-59.955733562937
1,74,0,-1,654999.792190,4349726.720751,39.267386308693,118.795953379702,40204.304687500000,14389.335043869336,-59.885870973011
1,75,0,-1,654528.747754,4349733.790774,39.267533914129,118.790495834282,40204.304687500000,14691.290930639587,-58.459249361071
1,76,0,-1,654523.936824,4349759.489004,39.267766009217,118.790440094581,40204.304687500000,14675.217424985432,-58.378721430756
1,77,0,-1,653482.353110,4348488.708112,39.256504913132,118.778372239658,40204.304687500000,16286.049802994790,-58.723837229139
1,78,0,-1,654974.239988,4349821.463602,39.268243442810,118.795657330641,40204.304687500000,14333.404584200754,-59.563093308309
1,79,0,-1,654179.177708,4349394.520885,39.264543248641,118.786445695370,40204.304687500000,15176.148582377684,-58.314049784600
1,80,0,-1,653477.556655,4348476.224824,39.256393433728,118.778316667595,40204.304687500000,16298.607970747129,-58.739700343486
1,81,0,-1,655093.044712,4350264.151818,39.272216635788,118.797033807901,40204.304687500000,13919.388964560465,-58.755573703117
1,82,0,-1,653417.872268,4348262.584936,39.254481603877,118.777625160020,40204.304687500000,16498.124646272056,-59.068618348252
1,83,0,-1,653484.704144,4348215.669591,39.254058233602,118.777844346967,40204.304687500000,16521.143574388327,-59.223236755588
1,84,0,-1,657085.579946,4348270.671500,39.253909454700,118.819551222383,40205.070312500000,14373.956366824399,-70.184424227141
1,85,0,-1,657900.302645,4348143.104357,39.252613862871,118.828987660480,40205.070312500000,14101.950183434548,-73.318188442876
1,86,0,-1,657586.067556,4347559.837146,39.247411462792,118.825348067520,40205.070312500000,14765.366537136884,-73.242713145000
1,87,0,-1,658611.373807,4347517.521826,39.246844091304,118.837223557608,40205.328125000000,14370.461545431994,-77.034085412704
1,88,0,-1,658613.342211,4347534.142583,39.246993289302,118.837246356403,40205.328125000000,14354.381563477129,-77.016273986896
1,89,0,-1,659778.081071,4347384.293769,39.245431404192,118.850736789091,40205.457031250000,14083.767414735425,-81.647260918701
1,90,0,-1,659639.684698,4347370.912002,39.245336437152,118.849133832622,40205.457031250000,14140.415804015349,-81.131545777872
1,91,0,-1,659792.959912,4347556.212728,39.246975687291,118.850909121160,40205.457031250000,13915.894213349897,-81.483406388060
1,92,0,-1,659841.735884,4347558.476875,39.246987086688,118.851474061894,40205.457031250000,13898.405136077148,-81.669342920288
1,93,0,-1,659816.240669,4347482.913393,39.246311840019,118.851178767205,40205.457031250000,13978.151801872544,-81.669342920288
1,94,0,-1,659588.629151,4347331.444778,39.244990683364,118.848542488872,40205.457031250000,14194.262697730344,-80.987456107141
1,95,0,-1,659835.816189,4347013.849688,39.242087441198,118.851405497870,40205.457031250000,14417.301664663328,-82.324829344745
1,96,0,-1,659682.714649,4347278.919760,39.244500760725,118.849632220991,40205.457031250000,14213.842417977852,-81.414175590633
1,97,0,-1,659779.984346,4347514.821466,39.246605625964,118.850758833514,40205.457031250000,13959.265247591933,-81.486555105267
1,98,0,-1,660282.239498,4346794.554601,39.240031861589,118.856576130511,40205.582031250000,14499.090195154036,-84.296931208144
1,99,0,-1,660383.822403,4346881.045493,39.240791430274,118.857752699218,40205.582031250000,14388.639279675699,-84.592557163347
1,100,0,-1,658828.629198,4347719.114696,39.248618374013,118.839739890809,40205.582031250000,14097.755514605673,-77.579569933030
1,101,0,-1,660639.071494,4346914.018071,39.241040959734,118.860709082694,40205.710937500000,14290.758617322999,-85.569733544881
1,102,0,-1,660667.960796,4347281.951405,39.244346365943,118.861043688541,40205.710937500000,13928.486915219601,-85.313971988768
1,103,0,-1,660515.763688,4345952.156700,39.232397534142,118.859280889049,40205.710937500000,15243.200781097432,-86.201776198786
1,104,0,-1,660532.987267,4345964.489593,39.232505325505,118.859480378507,40205.710937500000,15227.137487161628,-86.251299339136
1,105,0,-1,660670.211441,4347305.210807,39.244555243140,118.861069756281,40205.710937500000,13905.401656866083,-85.297596610233
1,106,0,-1,660417.036067,4345884.700226,39.231820355820,118.857557819810,40205.710937500000,15343.066301611714,-85.717555060219
1,107,0,-1,660426.671476,4346016.650874,39.232994326134,118.858248992109,40205.710937500000,15201.994374492240,-85.816210312591
1,108,0,-1,660285.394741,4346147.433005,39.234197214038,118.856612675639,40205.710937500000,15110.495503958784,-85.176497356249
1,109,0,-1,660167.071494,4345551.237381,39.228865816364,118.854663546287,40205.710937500000,15728.463177402233,-85.133982843760
1,110,0,-1,660665.022656,4347092.888361,39.242645676404,118.861009657987,40205.710937500000,14111.043939346851,-85.494254831910
1,111,0,-1,660353.267223,4344652.978558,39.220737626779,118.856819457358,40205.710937500000,16554.628092565297,-86.548877874669
1,112,0,-1,660670.993015,4346626.434776,39.238447261504,118.861078808744,40205.710937500000,14550.116474172757,-86.165471182026
1,113,0,-1,660247.779711,4345540.268408,39.228752241483,118.855598045433,40205.710937500000,15718.690484802592,-85.428662817764
1,114,0,-1,660923.072484,4346893.367894,39.240802578214,118.863998479454,40205.710937500000,14243.211856585422,-86.697943338210
1,115,0,-1,661071.065092,4346842.543787,39.240317768539,118.865712580049,40205.839843750000,14259.294590111182,-87.349310304824
1,116,0,-1,660839.731923,4345238.351346,39.225915132587,118.862452100878,40205.839843750000,15877.136504551456,-87.793205152757
1,117,0,-1,660766.530548,4345829.576056,39.231259773679,118.861604522139,40205.839843750000,15314.435005043531,-87.063089520107
1,118,0,-1,660750.517748,4344514.959935,39.219422337462,118.861419114290,40205.839843750000,16602.058595394894,-88.017384767921
1,119,0,-1,660625.093813,4344902.489061,39.222932597551,118.859966864563,40205.839843750000,16251.168928577712,-87.302672065624
1,120,0,-1,660829.930235,4345760.885908,39.230629956962,118.862338609817,40205.839843750000,15367.507659261320,-87.349310304824
1,121,0,-1,661073.699289,4346859.144998,39.240466715080,118.865743090202,40205.839843750000,14242.513023462927,-87.345978026283
1,122,0,-1,660779.987960,4345842.269624,39.231371504539,118.861760341846,40205.839843750000,15299.071305619627,-87.099663475565
1,123,0,-1,660754.006975,4344533.466151,39.219588215461,118.861459515096,40205.839843750000,16583.226262772332,-88.014036267681
1,124,0,-1,660604.715865,4344919.936947,39.223093362585,118.859730913797,40205.839843750000,16238.610229321863,-87.219432550209
1,125,0,-1,660645.334221,4345304.974193,39.226550565184,118.860201222767,40205.839843750000,15854.104075625142,-87.056441184724
1,126,0,-1,660598.606100,4344788.320059,39.221910172169,118.859660170477,40205.839843750000,16368.376657258857,-87.299341494630
1,127,0,-1,660706.598375,4344975.190456,39.223571718189,118.860910583810,40205.839843750000,16162.557278506101,-87.529356652666
1,128,0,-1,660513.286566,4344614.640738,39.220363123041,118.858672278564,40205.839843750000,16555.325958220219,-87.142900280559
1,129,0,-1,660649.330181,4345325.027014,39.226741337455,118.860247490910,40205.839843750000,15832.467083684011,-87.053116590145
1,130,0,-1,660627.352400,4344755.478522,39.221609345420,118.859993016123,40205.839843750000,16394.188629783315,-87.422632385564
1,131,0,-1,660971.370900,4346108.676364,39.233721624465,118.864557888128,40205.839843750000,14988.249959084165,-87.776489972310
1,132,0,-1,661063.126319,4346563.729370,39.237810403982,118.865620630497,40205.839843750000,14522.856868283128,-87.753093159308
1,133,0,-1,660786.032575,4344515.009842,39.219416218668,118.861830330795,40205.968750000000,16594.386594828222,-88.161498344314
1,134,0,-1,660830.241515,4344849.099868,39.222414260237,118.862342214038,40205.968750000000,16259.541719088098,-88.074369036167
1,135,0,-1,661089.457830,4345002.384844,39.223745559002,118.865343608371,40205.968750000000,16057.889000590287,-88.867225078984
1,136,0,-1,661555.248230,4344532.758754,39.219433317764,118.870736864542,40206.093750000000,16437.440630456273,-90.806168935284
1,137,0,-1,661826.662629,4345531.487824,39.228380755232,118.873879494058,40206.093750000000,15408.707602898856,-91.212350039941
1,138,0,-1,661628.362813,4344817.670628,39.221983430063,118.871583437452,40206.093750000000,16145.811795311225,-90.901659248749
1,139,0,-1,661602.475907,4344841.587834,39.222203455200,118.871283700350,40206.093750000000,16126.274107584541,-90.799349845171
1,140,0,-1,661842.422084,4345512.839079,39.228210015725,118.874061968239,40206.093750000000,15424.767773344036,-91.280703158060
1,141,0,-1,661660.352256,4344941.895995,39.223095290424,118.871953834054,40206.093750000000,16018.112659740107,-90.946011082124
1,142,0,-1,661682.315589,4344958.222795,39.223238118171,118.872208141204,40206.093750000000,15998.572652459745,-91.014266870048
1,143,0,-1,661823.853870,4345381.475817,39.227031435360,118.873846972247,40206.093750000000,15557.428461991940,-91.287540177419
1,144,0,-1,661562.559688,4344561.264814,39.219688463105,118.870821521833,40206.093750000000,16408.141619301536,-90.812988025396
1,145,0,-1,661807.356030,4345427.784382,39.227451201413,118.873655948518,40206.093750000000,15514.141187703814,-91.202098779770
1,146,0,-1,661639.358958,4344889.400272,39.222626825474,118.871710758664,40206.093750000000,16073.241466191041,-90.901659248749
1,147,0,-1,661794.854157,4345609.886798,39.229092127934,118.873511192932,40206.093750000000,15336.084296778319,-91.051817542557
1,148,0,-1,661702.686328,4345880.021502,39.231540064749,118.872444008151,40206.093750000000,15083.953375670048,-90.547238171396
1,149,0,-1,661805.155353,4345831.652735,39.231085765227,118.873630467512,40206.093750000000,15115.386259296543,-90.959660361407
1,150,0,-1,661854.608640,4346342.264941,39.235659438238,118.874787841645,40206.093750000000,14596.946912923142,-91.038162286859
1,151,0,-1,661719.343425,4345788.808086,39.230716206815,118.872636875900,40206.093750000000,15171.264224732864,-90.666435217696
1,152,0,-1,662723.540494,4344724.720273,39.220942732117,118.884264177633,40206.222656250000,16102.549696566357,-94.830149698474
1,153,0,-1,663305.859445,4345323.596163,39.226222413407,118.891006669856,40206.351562500000,15465.266923346857,-96.809549405558
1,154,0,-1,663292.387509,4344933.532001,39.222715003168,118.890850682511,40206.351562500000,15855.501609952702,-96.837444538459
1,155,0,-1,663406.873634,4344944.529862,39.222792452016,118.892176281578,40206.480468750000,15839.448750214953,-97.276879272863
1,156,0,-1,663307.712650,4344920.065634,39.222590950900,118.891028127546,40206.480468750000,15868.763073623266,-96.921043706022
1,157,0,-1,663594.633812,4345525.320300,39.227994349181,118.894350297574,40206.480468750000,15250.187130918855,-97.880855825695
1,158,0,-1,663425.362258,4344526.110821,39.219023945280,118.892390355559,40206.480468750000,16255.357022507671,-97.409498921543
1,159,0,-1,661641.154247,4345024.673474,39.223843711168,118.871731545801,40206.480468750000,15939.253654323018,-90.905035069746
1,160,0,-1,661782.656324,4345776.433433,39.230593076557,118.873369957749,40206.480468750000,15173.360726952194,-90.990335594743
1,161,0,-1,662570.195108,4345233.062653,39.225545657994,118.882488637638,40206.609375000000,15613.281575068942,-94.178480922877
1,162,0,-1,662223.204505,4345402.872387,39.227149536472,118.878470936718,40206.609375000000,15482.024983742771,-92.835137673052
1,163,0,-1,662317.442773,4345198.005667,39.225277436874,118.879562093761,40206.609375000000,15675.412890293614,-93.269472817468
1,164,0,-1,662405.013865,4345213.339445,39.225399058388,118.880576053414,40206.609375000000,15650.281590411669,-93.583639748060
1,165,0,-1,662270.837612,4345413.203370,39.227233607029,118.879022466396,40206.609375000000,15465.965776722262,-93.007397605241
1,166,0,-1,665486.093876,4344622.195901,39.219498696662,118.916250887299,40206.863281250000,16204.424615293201,-104.754424380900
1,167,0,-1,663977.878422,4344353.073545,39.217362818356,118.898787764548,40206.992187500000,16417.212531986504,-99.443398415562
1,168,0,-1,663981.526924,4344406.068907,39.217838994663,118.898830009374,40206.992187500000,16364.193792101267,-99.457385735848
1,169,0,-1,663922.262368,4346173.554159,39.233753559542,118.898736048163,40206.992187500000,14598.347107002030,-99.369965931217
1,170,0,-1,663897.230171,4346184.300451,39.233854980653,118.898446117896,40206.992187500000,14587.863231702016,-99.268562168035
1,171,0,-1,663820.382273,4346569.920013,39.237339424459,118.897556042873,40206.992187500000,14203.357934042020,-98.943401140839
1,172,0,-1,663808.338934,4344727.837451,39.220767047284,118.896824721226,40206.992187500000,16046.028473794837,-98.828035297054
1,173,0,-1,663835.941457,4346675.441368,39.238297057677,118.897736253938,40206.992187500000,14096.360947413365,-98.999338896037
1,174,0,-1,663960.750734,4344522.755078,39.218892936027,118.898589448557,40206.992187500000,16247.683351483269,-99.380456194648
1,175,0,-1,663976.350974,4344334.253041,39.217193755231,118.898770078717,40206.992187500000,16436.047545140656,-99.439901572150
1,176,0,-1,663754.053006,4344740.822472,39.220894117039,118.896196161795,40206.992187500000,16034.165252845232,-98.632283569545
1,177,0,-1,663889.689394,4346886.408610,39.240185250542,118.898358778394,40206.992187500000,13885.117836000010,-98.995842799677
1,178,0,-1,663860.257206,4346588.882968,39.237502536428,118.898017886114,40206.992187500000,14183.777944265350,-99.100730599667
1,179,0,-1,665997.594788,4345707.724684,39.229180137989,118.922173377267,40207.246093750000,15183.140662805947,-107.092193228120
1,180,0,-1,665985.860189,4345716.809366,39.229264124727,118.922037506506,40207.246093750000,15172.663946974677,-107.050881682699
1,181,0,-1,665920.773348,4345207.264569,39.224680477243,118.921283888977,40207.246093750000,15671.923804461323,-106.582171476851
1,182,0,-1,665820.217733,4346662.094002,39.237800429509,118.920718696786,40207.246093750000,14220.840225054762,-107.068096320728
1,183,0,-1,665840.802904,4345749.943683,39.229590013388,118.920357939380,40207.246093750000,15122.374021419409,-106.520067554936
1,184,0,-1,665799.387961,4345958.086480,39.231470830173,118.919878410309,40207.246093750000,14912.103360356909,-106.454496458243
1,185,0,-1,665889.459910,4346529.072171,39.236579185222,118.921520677935,40207.246093750000,14362.776624746215,-107.278002548075
1,186,0,-1,666096.394178,4344633.193510,39.219481262290,118.923317340344,40207.246093750000,16261.637854206025,-106.961347721077
1,187,0,-1,665888.757936,4346512.057280,39.236426215365,118.921512547482,40207.246093750000,14379.555539847319,-107.264243985765
1,188,0,-1,666024.900714,4345409.738500,39.226482504074,118.922489542912,40207.246093750000,15483.422774705417,-107.050881682699
1,189,0,-1,665844.849566,4346029.509350,39.232104837845,118.920404794257,40207.246093750000,14846.427018592583,-106.661503697174
1,190,0,-1,666021.606918,4345317.188636,39.225650348050,118.922451405221,40207.246093750000,15574.885209031605,-106.999231792195
1,191,0,-1,665850.488832,4345991.483726,39.231761598631,118.920470089336,40207.246093750000,14884.855277000535,-106.664952088931
1,192,0,-1,666032.328042,4345302.344416,39.225514728746,118.922575541308,40207.246093750000,15590.942613807174,-107.030223348667
1,193,0,-1,666082.516801,4344706.003476,39.220139074586,118.923156659129,40207.246093750000,16187.679732599436,-106.944125825972
1,194,0,-1,665809.355222,4346215.426204,39.233772167382,118.920592884317,40207.246093750000,14664.043549856851,-106.809749964901
1,195,0,-1,666027.564707,4344447.085722,39.217819716270,118.922520388341,40207.246093750000,16438.140817348140,-106.644259603954
1,196,0,-1,665830.855901,4346372.965647,39.235185692685,118.920841910863,40207.246093750000,14510.278881586755,-106.968236393742
1,197,0,-1,666137.953920,4344690.441542,39.219988451664,118.923798545797,40207.246093750000,16210.007234161765,-107.133497943352
1,198,0,-1,666044.004728,4344472.222063,39.218042758895,118.922710741517,40207.246093750000,16415.120246406335,-106.713227865985
1,199,0,-1,665911.394803,4346576.345942,39.237000376200,118.921774733627,40207.246093750000,14318.730231044023,-107.388037749377
1,200,0,-1,665843.368414,4346410.444808,39.235520549989,118.920986834087,40207.246093750000,14474.629219092745,-107.033666617783
1,201,0,-1,666005.806757,4346208.837222,39.233675356322,118.922868237606,40207.246093750000,14695.491830285733,-107.566726597122
1,202,0,-1,665950.888046,4344900.186190,39.221911513275,118.921632576433,40207.246093750000,15980.430712817457,-106.561472161684
1,203,0,-1,665989.074354,4344839.330687,39.221356630833,118.922074722186,40207.246093750000,16045.331165478952,-106.671849299332
1,204,0,-1,665815.086807,4346445.679832,39.235843002067,118.920659269044,40207.246093750000,14436.181697879965,-106.940681276196
1,205,0,-1,665925.355704,4344956.242889,39.222420798127,118.921336946468,40207.246093750000,15921.807527043631,-106.492460784084
1,206,0,-1,665991.332957,4344859.275592,39.221535668431,118.922100873745,40207.246093750000,16025.791660428908,-106.689091258118
1,207,0,-1,666287.702210,4345126.792605,39.223886207452,118.925532427699,40207.375000000000,15800.363603359046,-107.896181625511
1,208,0,-1,666280.549966,4345808.704884,39.230034757532,118.925449614428,40207.375000000000,15123.072836757969,-108.228571927696
1,209,0,-1,666257.203825,4345821.538500,39.230154702664,118.925179297831,40207.375000000000,15107.007419941194,-108.149807893735
1,210,0,-1,666116.103614,4346892.990966,39.239821559468,118.924145724509,40207.375000000000,14026.420761474561,-108.204603086352
1,211,0,-1,666243.275771,4344681.333442,39.219886360000,118.925018029882,40207.375000000000,16234.427724420280,-107.522025570325
1,212,0,-1,666004.262009,4345531.541325,39.227593526245,118.922250574658,40207.375000000000,15360.528560514800,-107.061160690513
1,213,0,-1,665862.944092,4346226.595525,39.233862440553,118.921213564753,40207.375000000000,14661.248424017747,-107.050831736941
1,214,0,-1,666099.340497,4345554.341564,39.227780526657,118.923351454717,40207.375000000000,15350.053857350604,-107.422367987693
1,215,0,-1,666143.969623,4344597.334831,39.219149506292,118.923868199469,40207.375000000000,16304.894399187539,-107.136890839822
1,216,0,-1,665993.425060,4345638.574314,39.228558703181,118.922125097465,40207.375000000000,15252.982681873111,-107.068045948083
1,217,0,-1,666069.718052,4344734.850634,39.220401093093,118.923008466960,40207.375000000000,16160.467780560486,-106.937184646228
1,218,0,-1,666161.553426,4344605.197640,39.219216896848,118.924071796063,40207.375000000000,16299.313042431462,-107.202272825652
1,219,0,-1,666046.941020,4346147.151001,39.233112427246,118.923344665370,40207.375000000000,14763.975390449381,-107.721201570486
1,220,0,-1,666221.247150,4344699.514067,39.220054165838,118.924762968361,40207.375000000000,16213.496168492195,-107.453301060670
1,221,0,-1,665946.045081,4345855.777784,39.230522249418,118.921576501456,40207.375000000000,15031.565939404372,-106.992293173772
1,222,0,-1,666036.381944,4345849.674489,39.230450081173,118.922622480004,40207.375000000000,15049.029815632497,-107.332981302025
1,223,0,-1,666260.613448,4344935.611947,39.222171101028,118.925218776627,40207.375000000000,15986.014010722303,-107.704038158875
1,224,0,-1,666407.140357,4345401.615260,39.226336323564,118.926915359030,40207.375000000000,15545.562628150152,-108.474930874643
1,225,0,-1,665879.271531,4345908.146681,39.231006220901,118.920803354077,40207.375000000000,14971.487556616361,-106.764886721112
1,226,0,-1,665991.057870,4345824.828739,39.230235169001,118.922097688619,40207.375000000000,15067.890414908925,-107.147215524526
1,227,0,-1,666225.243140,4345230.877728,39.224834788207,118.924809236504,40207.375000000000,15688.678023154433,-107.724633740544
1,228,0,-1,666121.955482,4344486.284782,39.218154405937,118.923613305586,40207.375000000000,16412.330142168568,-107.012955776672
1,229,0,-1,666043.164991,4345256.921315,39.225103931337,118.922701018501,40207.375000000000,15639.113571631337,-107.074931632540
1,230,0,-1,666614.361062,4346857.374919,39.239405649093,118.929916669544,40204.175781250000,14090.758418739762,-109.531951313801
1,231,0,-1,667992.643532,4346839.658866,39.238980770075,118.945880268596,40204.304687500000,14406.113392364561,-114.962595449290
1,232,0,-1,667972.575689,4346851.635236,39.239092417117,118.945647838232,40204.304687500000,14389.335043869576,-114.897372265358
1,233,0,-1,667659.660703,4346474.866332,39.235751555429,118.942023584167,40204.304687500000,14691.290930639987,-113.535173851443
1,234,0,-1,667637.559310,4346486.045423,39.235856413123,118.941767600636,40204.304687500000,14675.217424985254,-113.459200803531
1,235,0,-1,668129.631873,4344935.012454,39.221806236485,118.946859443322,40204.304687500000,16286.049802995325,-113.683674970604
1,236,0,-1,667885.161533,4346886.290826,39.239421155627,118.944635387323,40204.304687500000,14333.404584200351,-114.596828573952
1,237,0,-1,667783.275681,4345993.020017,39.231404529265,118.942849118483,40204.304687500000,15176.148582377586,-113.366646617636
1,238,0,-1,668136.617636,4344923.798230,39.221703977183,118.946940328754,40204.304687500000,16298.607970747811,-113.696865773438
1,239,0,-1,667608.401972,4347244.042533,39.242693788567,118.941429893482,40204.304687500000,13919.388964560827,-113.868211314052
1,240,0,-1,668267.508397,4344750.772327,39.220121724033,118.948455861901,40204.304687500000,16498.124646272110,-113.996553983651
1,241,0,-1,668313.657874,4344738.705488,39.220004209654,118.948990208663,40204.304687500000,16521.143574388578,-114.141176409137
1,242,0,-1,669010.214920,4344876.711414,39.221110873232,118.957055366284,40204.558593750000,16579.735562577109,-116.641179324618
1,243,0,-1,670585.698671,4347127.202442,39.241062836519,118.975913574136,40204.945312500000,15018.983382003604,-124.810158996487
1,244,0,-1,670606.113958,4346744.338873,39.237602616433,118.976150027817,40204.945312500000,15376.581385179425,-124.275817929791
1,245,0,-1,670877.845031,4346432.339049,39.234741702912,118.979297267384,40204.945312500000,15796.167669755483,-124.882014294102
1,246,0,-1,670585.821699,4346750.780014,39.237675622869,118.975914999061,40204.945312500000,15361.218701503058,-124.220679520169
1,247,0,-1,671019.057653,4345898.107413,39.229919925365,118.980314915077,40204.945312500000,16316.746994540705,-124.371467898928
1,248,0,-1,670902.255095,4346419.086458,39.234617650644,118.979579989208,40204.945312500000,15818.503416281197,-124.942309496548
1,249,0,-1,670230.714483,4347706.566858,39.246345786754,118.971802079643,40205.070312500000,14373.956366824934,-124.678747010629
1,250,0,-1,670936.406028,4348363.782847,39.252132070684,118.979975531541,40205.070312500000,14101.950183435187,-128.405711448233
1,251,0,-1,671219.173505,4347763.778533,39.246666310993,118.983250595236,40205.070312500000,14765.366537137292,-128.256996031887
1,252,0,-1,672121.921761,4349093.473207,39.258450605900,118.994328965683,40205.457031250000,14140.415804015500,-134.309469127151
1,253,0,-1,672150.665033,4349347.650100,39.260743058285,118.994661978967,40205.457031250000,13915.894213350162,-134.818085993885
1,254,0,-1,672110.765928,4349020.663002,39.257797655111,118.994199716630,40205.457031250000,14194.262697730019,-134.106660320126
1,255,0,-1,672242.183387,4349087.293904,39.258371145393,118.995722290582,40205.457031250000,14213.842417977377,-134.695644607729
1,256,0,-1,672175.508829,4349312.101891,39.260418259272,118.994949813756,40205.457031250000,13959.265247591798,-134.818085993885
1,257,0,-1,671578.015459,4348290.061999,39.251342159486,118.987406765309,40205.582031250000,14499.090195153482,-130.588606609797
1,258,0,-1,671607.534804,4348437.677212,39.252664657246,118.987748663418,40205.582031250000,14388.639279675452,-130.987810676217
1,259,0,-1,671925.329195,4348325.484224,39.251592275681,118.991429411556,40205.582031250000,14649.362669436101,-131.826653528942
1,260,0,-1,671552.489786,4348956.113071,39.257327346141,118.987731648141,40205.582031250000,13946.674370430082,-132.080384811325
1,261,0,-1,674519.838868,4348008.653384,39.248212857207,119.021479397097,40206.093750000000,16437.440630455818,-139.016383856865
1,262,0,-1,673960.610900,4348925.561270,39.256573058060,119.015631589948,40206.093750000000,15408.707602899103,-139.708620114151
1,263,0,-1,674371.988249,4348263.104356,39.250543195825,119.019766972884,40206.093750000000,16145.811795311334,-139.182350623507
1,264,0,-1,674325.194222,4348250.137244,39.250435907377,119.019224998584,40206.093750000000,16126.274107584501,-139.024805480111
1,265,0,-1,673992.501328,4348931.283188,39.256618152736,119.016001064540,40206.093750000000,15424.767773343727,-139.813743555667
1,266,0,-1,674307.246622,4348375.102468,39.251564028644,119.019017127216,40206.093750000000,16018.112659739967,-139.255631723112
1,267,0,-1,674317.812548,4348410.325493,39.251878853183,119.019139503102,40206.093750000000,15998.572652459823,-139.362138277935
1,268,0,-1,674077.241035,4348829.261998,39.255683150675,119.016982837659,40206.093750000000,15557.428461992018,-139.811684253632
1,269,0,-1,674504.945250,4348034.300555,39.248446628677,119.021306897389,40206.093750000000,16408.141619301783,-139.033227103358
1,270,0,-1,674022.489040,4348839.927811,39.255790103847,119.016348494710,40206.093750000000,15514.141187703844,-139.681774055618
1,271,0,-1,674326.583714,4348319.695873,39.251061533139,119.019241091851,40206.093750000000,16073.241466190968,-139.184447491582
1,272,0,-1,673863.825482,4348939.576960,39.256718568017,119.014510258028,40206.093750000000,15336.084296778938,-139.464160813567
1,273,0,-1,673550.094103,4349008.967167,39.257405800818,119.010875442756,40206.093750000000,15083.953375669920,-138.713960155889
1,274,0,-1,673698.187740,4349088.959754,39.258095967288,119.012591219733,40206.093750000000,15115.386259296247,-139.341278880209
1,275,0,-1,673454.285423,4349513.472347,39.261975618150,119.009765426415,40206.093750000000,14596.946912923026,-139.499486551954
1,276,0,-1,673640.411685,4348969.699683,39.257034398386,119.011921840401,40206.093750000000,15171.264224732466,-138.885578904070
1,277,0,-1,673551.128661,4350136.587994,39.267563250814,119.010887428888,40206.222656250000,14192.167462488553,-141.417212425597
1,278,0,-1,673539.813643,4350149.917922,39.267685459061,119.010756335815,40206.222656250000,14174.685087840935,-141.419176104984
1,279,0,-1,675049.213815,4348347.099519,39.251162786612,119.027610680443,40206.222656250000,16524.636053552462,-141.200750070421
1,280,0,-1,674463.442394,4348974.935741,39.256916464912,119.021457268855,40206.222656250000,15703.334831684902,-141.250074281512
1,281,0,-1,675040.732118,4348325.736421,39.250972265798,119.027512444458,40206.222656250000,16535.099018348410,-141.129593159648
1,282,0,-1,674455.607240,4349089.112441,39.257945428184,119.021366492770,40206.222656250000,15612.582458912109,-141.505352601742
1,283,0,-1,675007.377048,4348328.976335,39.251008140373,119.027126122226,40206.222656250000,16510.685288020042,-141.050349304897
1,284,0,-1,674974.304221,4348315.874772,39.250896912427,119.026743068939,40206.222656250000,16498.827006014915,-140.933112522889
1,285,0,-1,674728.320596,4348607.013394,39.253566215485,119.023894057730,40206.222656250000,16118.598887489930,-140.949033693844
1,286,0,-1,675177.090611,4348363.350322,39.251283234659,119.029091763940,40206.222656250000,16597.177358239755,-141.569833002601
1,287,0,-1,674424.736879,4348918.736338,39.256418495639,119.021008836670,40206.222656250000,15720.088214763438,-141.008668075487
1,288,0,-1,674473.585410,4349158.445533,39.258565689524,119.021574783233,40206.222656250000,15572.788410562729,-141.725619372285
1,289,0,-1,674645.040016,4349553.684093,39.262098664589,119.023561212084,40206.222656250000,15359.129252775854,-143.036452202321
1,290,0,-1,674685.347649,4348590.943795,39.253430260905,119.023396339914,40206.222656250000,16102.549696566270,-140.797475211256
1,291,0,-1,673935.492124,4349580.785688,39.262485070640,119.015340570032,40206.222656250000,14862.494781551321,-141.111780026293
1,292,0,-1,673939.384376,4349605.575925,39.262707358893,119.015385664708,40206.222656250000,14846.424569367573,-141.184951842871
1,293,0,-1,675271.221553,4348466.886437,39.252195940839,119.030181998974,40206.222656250000,16583.924953536218,-142.046474338736
