result_id,track_id,state,matched_this_frame,matched_det_index,e,n,lat,lon,ve,vn,speed,heading,utc,range,direction,age,hit_count,miss_count,consecutive_hits,recent_hits,linearity,is_output
1,1,Tentative,1,0,650565.307375,4357121.975048,39.334750259670,118.746433157755,0.000000000000,0.000000000000,0.000000000000,0.000000000000,40205.582031250000,14097.755514606130,-24.859128328648,1,1,0,1,1,1.000000000000,0
1,2,Tentative,1,1,649314.602815,4353267.657455,39.300260656665,118.730849115822,0.000000000000,0.000000000000,0.000000000000,0.000000000000,40205.968750000000,16594.386594827709,-36.754905952260,1,1,0,1,1,1.000000000000,0
1,3,Tentative,1,2,649592.021739,4353462.101212,39.301973651070,118.734063568494,0.000000000000,0.000000000000,0.000000000000,0.000000000000,40205.968750000000,16259.541719088122,-36.587638034581,1,1,0,1,1,1.000000000000,0
1,4,Tentative,1,3,649938.934702,4353228.450195,39.299800061214,118.738083237712,0.000000000000,0.000000000000,0.000000000000,0.000000000000,40205.968750000000,16057.889000589934,-37.887409373256,1,1,0,1,1,1.000000000000,0
1,5,Tentative,1,4,649861.690288,4355020.511287,39.315951078760,118.737731453560,0.000000000000,0.000000000000,0.000000000000,0.000000000000,40206.093750000000,15408.707602899005,-31.792946836296,1,1,0,1,1,1.000000000000,0
1,6,Tentative,1,5,649859.976798,4354981.792898,39.315602978294,118.737711593224,0.000000000000,0.000000000000,0.000000000000,0.000000000000,40206.093750000000,15424.767773343712,-31.925322732600,1,1,0,1,1,1.000000000000,0
1,7,Tentative,1,6,649739.287839,4354926.453224,39.315125897977,118.736312737820,0.000000000000,0.000000000000,0.000000000000,0.000000000000,40206.093750000000,15557.428461992389,-31.946359715243,1,1,0,1,1,1.000000000000,0
1,8,Tentative,1,7,649762.510322,4354984.615299,39.315645237656,118.736581900054,0.000000000000,0.000000000000,0.000000000000,0.000000000000,40206.093750000000,15514.141187704034,-31.780900090147,1,1,0,1,1,1.000000000000,0
1,9,Tentative,1,8,651159.202183,4352418.585001,39.292301026454,118.752222341707,0.000000000000,0.000000000000,0.000000000000,0.000000000000,40206.351562500000,15439.431962704854,-42.644250224481,1,1,0,1,1,1.000000000000,0
1,10,Tentative,1,9,652081.957701,4352408.296572,39.292047002103,118.762914108163,0.000000000000,0.000000000000,0.000000000000,0.000000000000,40206.351562500000,14677.319780198670,-44.627631291521,1,1,0,1,1,1.000000000000,0
1,11,Tentative,1,10,651077.753275,4352497.073238,39.293021485049,118.751278606894,0.000000000000,0.000000000000,0.000000000000,0.000000000000,40206.351562500000,15465.266923347206,-42.234035893120,1,1,0,1,1,1.000000000000,0
1,12,Tentative,1,11,650758.365441,4352273.387955,39.291064335153,118.747577907291,0.000000000000,0.000000000000,0.000000000000,0.000000000000,40206.351562500000,15855.501609952476,-42.303912143423,1,1,0,1,1,1.000000000000,0
1,13,Tentative,1,12,650799.444255,4352242.631462,39.290780433753,118.748053882008,0.000000000000,0.000000000000,0.000000000000,0.000000000000,40206.351562500000,15837.354512566153,-42.478129778583,1,1,0,1,1,1.000000000000,0
1,14,Tentative,1,13,652054.214993,4352478.152319,39.292680448477,118.762592660722,0.000000000000,0.000000000000,0.000000000000,0.000000000000,40206.351562500000,14659.848273038497,-44.338335214131,1,1,0,1,1,1.000000000000,0
1,15,Tentative,1,14,652130.044582,4352486.234468,39.292739865061,118.763471277982,0.000000000000,0.000000000000,0.000000000000,0.000000000000,40206.351562500000,14592.754209244500,-44.480864186636,1,1,0,1,1,1.000000000000,0
1,16,Tentative,1,15,652083.028066,4352506.575099,39.292931147164,118.762926510200,0.000000000000,0.000000000000,0.000000000000,0.000000000000,40206.351562500000,14620.011840541258,-44.309771363022,1,1,0,1,1,1.000000000000,0
1,17,Tentative,1,16,652105.209215,4352593.143769,39.293706219118,118.763183517267,0.000000000000,0.000000000000,0.000000000000,0.000000000000,40206.351562500000,14552.914476638867,-44.078159648266,1,1,0,1,1,1.000000000000,0
1,18,Tentative,1,17,650232.383234,4351756.036665,39.286489226728,118.741483406927,0.000000000000,0.000000000000,0.000000000000,0.000000000000,40206.351562500000,16576.950296516530,-42.836868389265,1,1,0,1,1,1.000000000000,0
1,19,Tentative,1,18,650790.266612,4352244.158791,39.290795774013,118.747947541895,0.000000000000,0.000000000000,0.000000000000,0.000000000000,40206.480468750000,15839.448750214922,-42.474070938669,1,1,0,1,1,1.000000000000,0
1,20,Tentative,1,19,650688.582088,4352350.221593,39.291767839241,118.746769336526,0.000000000000,0.000000000000,0.000000000000,0.000000000000,40206.480468750000,15868.763073623606,-41.951817599257,1,1,0,1,1,1.000000000000,0
1,21,Tentative,1,20,651407.881039,4352374.566601,39.291861526081,118.755103737697,0.000000000000,0.000000000000,0.000000000000,0.000000000000,40206.480468750000,15250.187130919199,-43.308402451448,1,1,0,1,1,1.000000000000,0
1,22,Tentative,1,21,650473.981498,4351965.790157,39.288334719628,118.744282783972,0.000000000000,0.000000000000,0.000000000000,0.000000000000,40206.480468750000,16255.357022508158,-42.697110766015,1,1,0,1,1,1.000000000000,0
1,23,Tentative,1,22,650637.349292,4351201.384941,39.281438217645,118.745630268927,0.000000000000,0.000000000000,0.000000000000,0.000000000000,40206.609375000000,16505.803416466937,-45.339770720049,1,1,0,1,1,1.000000000000,0
1,24,Tentative,1,23,651932.902129,4351178.293213,39.281004437616,118.760636917106,0.000000000000,0.000000000000,0.000000000000,0.000000000000,40206.609375000000,15482.024983743398,-48.191033189070,1,1,0,1,1,1.000000000000,0
1,25,Tentative,1,24,651881.878989,4350932.142857,39.278798456807,118.760045909040,0.000000000000,0.000000000000,0.000000000000,0.000000000000,40206.609375000000,15675.412890293490,-48.781014684292,1,1,0,1,1,1.000000000000,0
1,26,Tentative,1,25,651983.549199,4351140.184032,39.280652648292,118.761223568830,0.000000000000,0.000000000000,0.000000000000,0.000000000000,40206.609375000000,15465.965776722391,-48.418765356377,1,1,0,1,1,1.000000000000,0
1,27,Tentative,1,26,652166.813076,4350712.389726,39.276759888767,118.763346336455,0.000000000000,0.000000000000,0.000000000000,0.000000000000,40206.734375000000,15590.243400401841,-50.081598815479,1,1,0,1,1,1.000000000000,0
1,28,Tentative,1,27,651706.097015,4350376.604861,39.273819131460,118.758009800213,0.000000000000,0.000000000000,0.000000000000,0.000000000000,40206.734375000000,16195.353831515869,-49.829482872835,1,1,0,1,1,1.000000000000,0
1,29,Tentative,1,28,652008.702778,4350672.793505,39.276431319605,118.761514925979,0.000000000000,0.000000000000,0.000000000000,0.000000000000,40206.734375000000,15736.842568975540,-49.821252494885,1,1,0,1,1,1.000000000000,0
1,30,Tentative,1,29,652041.175342,4350644.912640,39.276174748984,118.761891059769,0.000000000000,0.000000000000,0.000000000000,0.000000000000,40206.734375000000,15729.862143160086,-49.975239109723,1,1,0,1,1,1.000000000000,0
1,31,Tentative,1,30,652987.089394,4350898.137437,39.278298213279,118.772847654462,0.000000000000,0.000000000000,0.000000000000,0.000000000000,40206.863281250000,14845.028736849999,-51.593756593943,1,1,0,1,1,1.000000000000,0
1,32,Tentative,1,31,652989.078251,4350921.128742,39.278504743524,118.772870691443,0.000000000000,0.000000000000,0.000000000000,0.000000000000,40206.863281250000,14828.259470050136,-51.531284268699,1,1,0,1,1,1.000000000000,0
1,33,Tentative,1,32,651893.049833,4350105.049358,39.271343201980,118.760175302485,0.000000000000,0.000000000000,0.000000000000,0.000000000000,40206.863281250000,16225.356344399443,-50.999314985193,1,1,0,1,1,1.000000000000,0
1,34,Tentative,1,33,651857.232037,4350178.277229,39.272008395662,118.759760419902,0.000000000000,0.000000000000,0.000000000000,0.000000000000,40206.863281250000,16204.424615293559,-50.720042210409,1,1,0,1,1,1.000000000000,0
1,35,Tentative,1,34,653136.169257,4349498.208469,39.265652848952,118.774574449604,0.000000000000,0.000000000000,0.000000000000,0.000000000000,40207.121093750000,15731.259025707936,-55.687979506287,1,1,0,1,1,1.000000000000,0
1,36,Tentative,1,35,652935.665993,4349078.871209,39.261925417346,118.771698887808,0.000000000000,0.000000000000,0.000000000000,0.000000000000,40207.121093750000,16139.534250172321,-56.337902741665,1,1,0,1,1,1.000000000000,0
1,37,Tentative,1,36,652904.702477,4349141.275442,39.262492400371,118.771340348108,0.000000000000,0.000000000000,0.000000000000,0.000000000000,40207.121093750000,16115.809735911836,-56.105717291020,1,1,0,1,1,1.000000000000,0
1,38,Tentative,1,37,654321.367324,4350705.996791,39.276321664548,118.788302542758,0.000000000000,0.000000000000,0.000000000000,0.000000000000,40207.121093750000,14005.436447071290,-55.859065499712,1,1,0,1,1,1.000000000000,0
1,39,Tentative,1,38,652860.702454,4349259.032212,39.263549281411,118.771383710143,0.000000000000,0.000000000000,0.000000000000,0.000000000000,40207.121093750000,16094.875910013974,-55.578645253148,1,1,0,1,1,1.000000000000,0
1,40,Tentative,1,39,652628.032172,4350774.380113,39.277236647122,118.768688677929,0.000000000000,0.000000000000,0.000000000000,0.000000000000,40207.246093750000,15183.140662806063,-51.089150755799,1,1,0,1,1,1.000000000000,0
1,41,Tentative,1,40,652627.280023,4350791.160464,39.277387772966,118.768679965738,0.000000000000,0.000000000000,0.000000000000,0.000000000000,40207.246093750000,15172.663946975215,-51.039594318276,1,1,0,1,1,1.000000000000,0
1,42,Tentative,1,41,652201.874394,4350574.861684,39.275516227273,118.763752455560,0.000000000000,0.000000000000,0.000000000000,0.000000000000,40207.246093750000,15671.923804461803,-50.495556090506,1,1,0,1,1,1.000000000000,0
1,43,Tentative,1,42,653334.560780,4351427.843854,39.283003270913,118.776872419226,0.000000000000,0.000000000000,0.000000000000,0.000000000000,40207.246093750000,14220.840225055186,-50.984003408621,1,1,0,1,1,1.000000000000,0
1,44,Tentative,1,43,652551.486548,4350957.194737,39.278906355235,118.767802044705,0.000000000000,0.000000000000,0.000000000000,0.000000000000,40207.246093750000,15122.374021419326,-50.380412761478,1,1,0,1,1,1.000000000000,0
1,45,Tentative,1,44,652694.604596,4351113.356781,39.280286351513,118.769459790404,0.000000000000,0.000000000000,0.000000000000,0.000000000000,40207.246093750000,14912.103360356934,-50.281112056229,1,1,0,1,1,1.000000000000,0
1,46,Tentative,1,45,653271.749051,4351284.173380,39.281721593571,118.776144871209,0.000000000000,0.000000000000,0.000000000000,0.000000000000,40207.246093750000,14362.776624745891,-51.251169673100,1,1,0,1,1,1.000000000000,0
1,47,Tentative,1,46,651848.463875,4350082.124337,39.271144724954,118.759658857031,0.000000000000,0.000000000000,0.000000000000,0.000000000000,40207.246093750000,16261.637854205765,-51.003869013822,1,1,0,1,1,1.000000000000,0
1,48,Tentative,1,47,653257.074901,4351275.455071,39.281645737407,118.775974900529,0.000000000000,0.000000000000,0.000000000000,0.000000000000,40207.246093750000,14379.555539846962,-51.237372690977,1,1,0,1,1,1.000000000000,0
1,49,Tentative,1,48,652445.321239,4350581.537713,39.275533541909,118.766572323658,0.000000000000,0.000000000000,0.000000000000,0.000000000000,40207.246093750000,15483.422774705190,-51.063390697344,1,1,0,1,1,1.000000000000,0
1,50,Tentative,1,49,652786.771793,4351106.497593,39.280208398881,118.770527367974,0.000000000000,0.000000000000,0.000000000000,0.000000000000,40207.246093750000,14846.427018593182,-50.531834640282,1,1,0,1,1,1.000000000000,0
1,51,Tentative,1,50,652365.662582,4350533.734045,39.275117391822,118.765649630466,0.000000000000,0.000000000000,0.000000000000,0.000000000000,40207.246093750000,15574.885209031614,-51.003869013822,1,1,0,1,1,1.000000000000,0
1,52,Tentative,1,51,652759.057990,4351079.807701,39.279973118926,118.770206357596,0.000000000000,0.000000000000,0.000000000000,0.000000000000,40207.246093750000,14884.855277000048,-50.539890848408,1,1,0,1,1,1.000000000000,0
1,53,Tentative,1,52,652360.887837,4350514.787212,39.274947742668,118.765594324164,0.000000000000,0.000000000000,0.000000000000,0.000000000000,40207.246093750000,15590.942613807521,-51.043562658183,1,1,0,1,1,1.000000000000,0
1,54,Tentative,1,53,651899.430624,4350136.192613,39.271622318638,118.760249212075,0.000000000000,0.000000000000,0.000000000000,0.000000000000,40207.246093750000,16187.679732599630,-50.978040653475,1,1,0,1,1,1.000000000000,0
1,55,Tentative,1,54,652953.293299,4351192.486460,39.280952794784,118.772456193275,0.000000000000,0.000000000000,0.000000000000,0.000000000000,40207.246093750000,14664.043549856659,-50.700618859957,1,1,0,1,1,1.000000000000,0
1,56,Tentative,1,55,651643.743247,4350048.925572,39.270881814784,118.757287546462,0.000000000000,0.000000000000,0.000000000000,0.000000000000,40207.246093750000,16438.140817348147,-50.622361967542,1,1,0,1,1,1.000000000000,0
1,57,Tentative,1,56,653100.027522,4351257.821106,39.281514800556,118.774155819351,0.000000000000,0.000000000000,0.000000000000,0.000000000000,40207.246093750000,14510.278881587101,-50.884497797697,1,1,0,1,1,1.000000000000,0
1,58,Tentative,1,57,651925.836393,4350072.106231,39.271041029271,118.760555073719,0.000000000000,0.000000000000,0.000000000000,0.000000000000,40207.246093750000,16210.007234162193,-51.211728745738,1,1,0,1,1,1.000000000000,0
1,59,Tentative,1,58,651676.515328,4350046.152609,39.270851132132,118.757667150808,0.000000000000,0.000000000000,0.000000000000,0.000000000000,40207.246093750000,16415.120246406583,-50.704628181000,1,1,0,1,1,1.000000000000,0
1,60,Tentative,1,59,653326.655976,4351288.465602,39.281750510708,118.776780857934,0.000000000000,0.000000000000,0.000000000000,0.000000000000,40207.246093750000,14318.730231043957,-51.382958173136,1,1,0,1,1,1.000000000000,0
1,61,Tentative,1,60,653140.180733,4351265.958490,39.281580933480,118.774620914591,0.000000000000,0.000000000000,0.000000000000,0.000000000000,40207.246093750000,14474.629219092996,-50.964127558136,1,1,0,1,1,1.000000000000,0
1,62,Tentative,1,61,653087.045712,4350992.264110,39.279127548881,118.774005450813,0.000000000000,0.000000000000,0.000000000000,0.000000000000,40207.246093750000,14695.491830285549,-51.633243625082,1,1,0,1,1,1.000000000000,0
1,63,Tentative,1,62,651966.718312,4350375.243956,39.273761257676,118.761028614464,0.000000000000,0.000000000000,0.000000000000,0.000000000000,40207.246093750000,15980.430712817515,-50.491522863801,1,1,0,1,1,1.000000000000,0
1,64,Tentative,1,63,651943.162918,4350303.074948,39.273115991415,118.760755769204,0.000000000000,0.000000000000,0.000000000000,0.000000000000,40207.246093750000,16045.331165479558,-50.632405760716,1,1,0,1,1,1.000000000000,0
1,65,Tentative,1,64,653149.452423,4351312.670590,39.281999622555,118.774728308681,0.000000000000,0.000000000000,0.000000000000,0.000000000000,40207.246093750000,14436.181697879243,-50.844609492945,1,1,0,1,1,1.000000000000,0
1,66,Tentative,1,65,651995.287186,4350432.016277,39.274267101718,118.761359531455,0.000000000000,0.000000000000,0.000000000000,0.000000000000,40207.246093750000,15921.807527043451,-50.402662102699,1,1,0,1,1,1.000000000000,0
1,67,Tentative,1,66,651961.451627,4350311.767735,39.273191006803,118.760967609754,0.000000000000,0.000000000000,0.000000000000,0.000000000000,40207.246093750000,16025.791660428433,-50.650475026165,1,1,0,1,1,1.000000000000,0
1,68,Tentative,1,67,654738.851581,4348760.204095,39.258738379863,118.792578570885,0.000000000000,0.000000000000,0.000000000000,0.000000000000,40204.175781250000,15276.719912927090,-61.581776208074,1,1,0,1,1,1.000000000000,0
1,69,Tentative,1,68,654744.320850,4348744.327803,39.258594546255,118.792641900857,0.000000000000,0.000000000000,0.000000000000,0.000000000000,40204.175781250000,15285.798714408782,-61.633514891037,1,1,0,1,1,1.000000000000,0
1,70,Tentative,1,69,655472.797455,4349813.002606,39.268080965198,118.801639365528,0.000000000000,0.000000000000,0.000000000000,0.000000000000,40204.175781250000,14025.712842362644,-61.115199155681,1,1,0,1,1,1.000000000000,0
1,71,Tentative,1,70,654079.261645,4350952.235542,39.278591655520,118.785498255813,0.000000000000,0.000000000000,0.000000000000,0.000000000000,40204.175781250000,14090.758418739497,-53.929180124957,1,1,0,1,1,1.000000000000,0
1,72,Tentative,1,71,654639.362977,4348551.538345,39.256878488103,118.791426568068,0.000000000000,0.000000000000,0.000000000000,0.000000000000,40204.175781250000,15502.267219030105,-61.769674712141,1,1,0,1,1,1.000000000000,0
1,73,Tentative,1,72,654419.864143,4347893.237335,39.250982746938,118.788884933918,0.000000000000,0.000000000000,0.000000000000,0.000000000000,40204.175781250000,16185.579541347139,-62.458144120100,1,1,0,1,1,1.000000000000,0
1,74,Tentative,1,73,655002.338729,4349702.701162,39.267172654939,118.796190137228,0.000000000000,0.000000000000,0.000000000000,0.000000000000,40204.304687500000,14406.113392364765,-59.955733562937,1,1,0,1,1,1.000000000000,0
1,75,Tentative,1,74,654999.792190,4349726.720751,39.267389243860,118.796160641121,0.000000000000,0.000000000000,0.000000000000,0.000000000000,40204.304687500000,14389.335043869336,-59.885870973011,1,1,0,1,1,1.000000000000,0
1,76,Tentative,1,75,654528.747754,4349733.790774,39.267536917328,118.790704605694,0.000000000000,0.000000000000,0.000000000000,0.000000000000,40204.304687500000,14691.290930639587,-58.459249361071,1,1,0,1,1,1.000000000000,0
1,77,Tentative,1,76,654523.936824,4349759.489004,39.267769013113,118.790648881314,0.000000000000,0.000000000000,0.000000000000,0.000000000000,40204.304687500000,14675.217424985432,-58.378721430756,1,1,0,1,1,1.000000000000,0
1,78,Tentative,1,77,653482.353110,4348488.708112,39.256518493558,118.778029194033,0.000000000000,0.000000000000,0.000000000000,0.000000000000,40204.304687500000,16286.049802994790,-58.723837229139,1,1,0,1,1,1.000000000000,0
1,79,Tentative,1,78,654974.239988,4349821.463602,39.268246328165,118.795864674473,0.000000000000,0.000000000000,0.000000000000,0.000000000000,40204.304687500000,14333.404584200754,-59.563093308309,1,1,0,1,1,1.000000000000,0
1,80,Tentative,1,79,654179.177708,4349394.520885,39.264535052930,118.786655574747,0.000000000000,0.000000000000,0.000000000000,0.000000000000,40204.304687500000,15176.148582377684,-58.314049784600,1,1,0,1,1,1.000000000000,0
1,81,Tentative,1,80,653477.556655,4348476.224824,39.256407014196,118.777973654122,0.000000000000,0.000000000000,0.000000000000,0.000000000000,40204.304687500000,16298.607970747129,-58.739700343486,1,1,0,1,1,1.000000000000,0
1,82,Tentative,1,81,655093.044712,4350264.151818,39.272208189678,118.797240768067,0.000000000000,0.000000000000,0.000000000000,0.000000000000,40204.304687500000,13919.388964560465,-58.755573703117,1,1,0,1,1,1.000000000000,0
1,83,Tentative,1,82,653417.872268,4348262.584936,39.254483909452,118.777282546463,0.000000000000,0.000000000000,0.000000000000,0.000000000000,40204.304687500000,16498.124646272056,-59.068618348252,1,1,0,1,1,1.000000000000,0
1,84,Tentative,1,83,653484.704144,4348215.669591,39.254049938710,118.778056417528,0.000000000000,0.000000000000,0.000000000000,0.000000000000,40204.304687500000,16521.143574388327,-59.223236755588,1,1,0,1,1,1.000000000000,0
1,85,Tentative,1,84,657085.579946,4348270.671500,39.253900639854,118.819751614944,0.000000000000,0.000000000000,0.000000000000,0.000000000000,40205.070312500000,14373.956366824399,-70.184424227141,1,1,0,1,1,1.000000000000,0
1,86,Tentative,1,85,657900.302645,4348143.104357,39.252604932863,118.829185251136,0.000000000000,0.000000000000,0.000000000000,0.000000000000,40205.070312500000,14101.950183434548,-73.318188442876,1,1,0,1,1,1.000000000000,0
1,87,Tentative,1,86,657586.067556,4347559.837146,39.247413979200,118.825546745901,0.000000000000,0.000000000000,0.000000000000,0.000000000000,40205.070312500000,14765.366537136884,-73.242713145000,1,1,0,1,1,1.000000000000,0
1,88,Tentative,1,87,658611.373807,4347517.521826,39.246846463686,118.837418654144,0.000000000000,0.000000000000,0.000000000000,0.000000000000,40205.328125000000,14370.461545431994,-77.034085412704,1,1,0,1,1,1.000000000000,0
1,89,Tentative,1,88,658613.342211,4347534.142583,39.246995661409,118.837441445972,0.000000000000,0.000000000000,0.000000000000,0.000000000000,40205.328125000000,14354.381563477129,-77.016273986896,1,1,0,1,1,1.000000000000,0
1,90,Tentative,1,89,659778.081071,4347384.293769,39.245433668055,118.850927694479,0.000000000000,0.000000000000,0.000000000000,0.000000000000,40205.457031250000,14083.767414735425,-81.647260918701,1,1,0,1,1,1.000000000000,0
1,91,Tentative,1,90,659639.684698,4347370.912002,39.245338720121,118.849325241615,0.000000000000,0.000000000000,0.000000000000,0.000000000000,40205.457031250000,14140.415804015349,-81.131545777872,1,1,0,1,1,1.000000000000,0
1,92,Tentative,1,91,659792.959912,4347556.212728,39.246977895637,118.851099972303,0.000000000000,0.000000000000,0.000000000000,0.000000000000,40205.457031250000,13915.894213349897,-81.483406388060,1,1,0,1,1,1.000000000000,0
1,93,Tentative,1,92,659841.735884,4347558.476875,39.246989288309,118.851664735067,0.000000000000,0.000000000000,0.000000000000,0.000000000000,40205.457031250000,13898.405136077148,-81.669342920288,1,1,0,1,1,1.000000000000,0
1,94,Tentative,1,93,659816.240669,4347482.913393,39.246314045155,118.851369533430,0.000000000000,0.000000000000,0.000000000000,0.000000000000,40205.457031250000,13978.151801872544,-81.669342920288,1,1,0,1,1,1.000000000000,0
1,95,Tentative,1,94,659588.629151,4347331.444778,39.244992973346,118.848734083210,0.000000000000,0.000000000000,0.000000000000,0.000000000000,40205.457031250000,14194.262697730344,-80.987456107141,1,1,0,1,1,1.000000000000,0
1,96,Tentative,1,95,659835.816189,4347013.849688,39.242078404449,118.851596192654,0.000000000000,0.000000000000,0.000000000000,0.000000000000,40205.457031250000,14417.301664663328,-82.324829344745,1,1,0,1,1,1.000000000000,0
1,97,Tentative,1,96,659682.714649,4347278.919760,39.244503037707,118.849823473590,0.000000000000,0.000000000000,0.000000000000,0.000000000000,40205.457031250000,14213.842417977852,-81.414175590633,1,1,0,1,1,1.000000000000,0
1,98,Tentative,1,97,659779.984346,4347514.821466,39.246607836100,118.850949731964,0.000000000000,0.000000000000,0.000000000000,0.000000000000,40205.457031250000,13959.265247591933,-81.486555105267,1,1,0,1,1,1.000000000000,0
1,99,Tentative,1,98,660282.239498,4346794.554601,39.240022816862,118.856765186615,0.000000000000,0.000000000000,0.000000000000,0.000000000000,40205.582031250000,14499.090195154036,-84.296931208144,1,1,0,1,1,1.000000000000,0
1,100,Tentative,1,99,660383.822403,4346881.045493,39.240782318166,118.857941379909,0.000000000000,0.000000000000,0.000000000000,0.000000000000,40205.582031250000,14388.639279675699,-84.592557163347,1,1,0,1,1,1.000000000000,0
1,101,Tentative,1,100,658828.629198,4347719.114696,39.248620716076,118.839934216227,0.000000000000,0.000000000000,0.000000000000,0.000000000000,40205.582031250000,14097.755514605673,-77.579569933030,1,1,0,1,1,1.000000000000,0
1,102,Tentative,1,101,660639.071494,4346914.018071,39.241031812707,118.860896815925,0.000000000000,0.000000000000,0.000000000000,0.000000000000,40205.710937500000,14290.758617322999,-85.569733544881,1,1,0,1,1,1.000000000000,0
1,103,Tentative,1,102,660667.960796,4347281.951405,39.244348507619,118.861231314163,0.000000000000,0.000000000000,0.000000000000,0.000000000000,40205.710937500000,13928.486915219601,-85.313971988768,1,1,0,1,1,1.000000000000,0
1,104,Tentative,1,103,660515.763688,4345952.156700,39.232411111295,118.858889237541,0.000000000000,0.000000000000,0.000000000000,0.000000000000,40205.710937500000,15243.200781097432,-86.201776198786,1,1,0,1,1,1.000000000000,0
1,105,Tentative,1,104,660532.987267,4345964.489593,39.232518902777,118.859088600946,0.000000000000,0.000000000000,0.000000000000,0.000000000000,40205.710937500000,15227.137487161628,-86.251299339136,1,1,0,1,1,1.000000000000,0
1,106,Tentative,1,105,660670.211441,4347305.210807,39.244557384509,118.861257373517,0.000000000000,0.000000000000,0.000000000000,0.000000000000,40205.710937500000,13905.401656866083,-85.297596610233,1,1,0,1,1,1.000000000000,0
1,107,Tentative,1,106,660417.036067,4345884.700226,39.231811049822,118.857746461966,0.000000000000,0.000000000000,0.000000000000,0.000000000000,40205.710937500000,15343.066301611714,-85.717555060219,1,1,0,1,1,1.000000000000,0
1,108,Tentative,1,107,660426.671476,4346016.650874,39.233007902684,118.857857992200,0.000000000000,0.000000000000,0.000000000000,0.000000000000,40205.710937500000,15201.994374492240,-85.816210312591,1,1,0,1,1,1.000000000000,0
1,109,Tentative,1,108,660285.394741,4346147.433005,39.234210789715,118.856222707513,0.000000000000,0.000000000000,0.000000000000,0.000000000000,40205.710937500000,15110.495503958784,-85.176497356249,1,1,0,1,1,1.000000000000,0
1,110,Tentative,1,109,660167.071494,4345551.237381,39.228856598227,118.854853108877,0.000000000000,0.000000000000,0.000000000000,0.000000000000,40205.710937500000,15728.463177402233,-85.133982843760,1,1,0,1,1,1.000000000000,0
1,111,Tentative,1,110,660665.022656,4347092.888361,39.242636525875,118.861197294556,0.000000000000,0.000000000000,0.000000000000,0.000000000000,40205.710937500000,14111.043939346851,-85.494254831910,1,1,0,1,1,1.000000000000,0
1,112,Tentative,1,111,660353.267223,4344652.978558,39.220728483638,118.857008334868,0.000000000000,0.000000000000,0.000000000000,0.000000000000,40205.710937500000,16554.628092565297,-86.548877874669,1,1,0,1,1,1.000000000000,0
1,113,Tentative,1,112,660670.993015,4346626.434776,39.238449724183,118.860686020197,0.000000000000,0.000000000000,0.000000000000,0.000000000000,40205.710937500000,14550.116474172757,-86.165471182026,1,1,0,1,1,1.000000000000,0
1,114,Tentative,1,113,660247.779711,4345540.268408,39.228743012207,118.855787311456,0.000000000000,0.000000000000,0.000000000000,0.000000000000,40205.710937500000,15718.690484802592,-85.428662817764,1,1,0,1,1,1.000000000000,0
1,115,Tentative,1,114,660923.072484,4346893.367894,39.240793392454,118.864185151508,0.000000000000,0.000000000000,0.000000000000,0.000000000000,40205.710937500000,14243.211856585422,-86.697943338210,1,1,0,1,1,1.000000000000,0
1,116,Tentative,1,115,661071.065092,4346842.543787,39.240308616102,118.865898696202,0.000000000000,0.000000000000,0.000000000000,0.000000000000,40205.839843750000,14259.294590111182,-87.349310304824,1,1,0,1,1,1.000000000000,0
1,117,Tentative,1,116,660839.731923,4345238.351346,39.225917204880,118.862639173615,0.000000000000,0.000000000000,0.000000000000,0.000000000000,40205.839843750000,15877.136504551456,-87.793205152757,1,1,0,1,1,1.000000000000,0
1,118,Tentative,1,117,660766.530548,4345829.576056,39.231250419653,118.861791867830,0.000000000000,0.000000000000,0.000000000000,0.000000000000,40205.839843750000,15314.435005043531,-87.063089520107,1,1,0,1,1,1.000000000000,0
1,119,Tentative,1,118,660750.517748,4344514.959935,39.219413139705,118.861606519624,0.000000000000,0.000000000000,0.000000000000,0.000000000000,40205.839843750000,16602.058595394894,-88.017384767921,1,1,0,1,1,1.000000000000,0
1,120,Tentative,1,119,660625.093813,4344902.489061,39.222934752678,118.860154736261,0.000000000000,0.000000000000,0.000000000000,0.000000000000,40205.839843750000,16251.168928577712,-87.302672065624,1,1,0,1,1,1.000000000000,0
1,121,Tentative,1,120,660829.930235,4345760.885908,39.230620594243,118.862525719130,0.000000000000,0.000000000000,0.000000000000,0.000000000000,40205.839843750000,15367.507659261320,-87.349310304824,1,1,0,1,1,1.000000000000,0
1,122,Tentative,1,121,661073.699289,4346859.144998,39.240457508830,118.865929196441,0.000000000000,0.000000000000,0.000000000000,0.000000000000,40205.839843750000,14242.513023462927,-87.345978026283,1,1,0,1,1,1.000000000000,0
1,123,Tentative,1,122,660779.987960,4345842.269624,39.231362148667,118.861947637393,0.000000000000,0.000000000000,0.000000000000,0.000000000000,40205.839843750000,15299.071305619627,-87.099663475565,1,1,0,1,1,1.000000000000,0
1,124,Tentative,1,123,660754.006975,4344533.466151,39.219579017225,118.861646907436,0.000000000000,0.000000000000,0.000000000000,0.000000000000,40205.839843750000,16583.226262772332,-88.014036267681,1,1,0,1,1,1.000000000000,0
1,125,Tentative,1,124,660604.715865,4344919.936947,39.223095520554,118.859918861130,0.000000000000,0.000000000000,0.000000000000,0.000000000000,40205.839843750000,16238.610229321863,-87.219432550209,1,1,0,1,1,1.000000000000,0
1,126,Tentative,1,125,660645.334221,4345304.974193,39.226552664146,118.860389019301,0.000000000000,0.000000000000,0.000000000000,0.000000000000,40205.839843750000,15854.104075625142,-87.056441184724,1,1,0,1,1,1.000000000000,0
1,127,Tentative,1,126,660598.606100,4344788.320059,39.221912330935,118.859848140479,0.000000000000,0.000000000000,0.000000000000,0.000000000000,40205.839843750000,16368.376657258857,-87.299341494630,1,1,0,1,1,1.000000000000,0
1,128,Tentative,1,127,660706.598375,4344975.190456,39.223573862167,118.861098152613,0.000000000000,0.000000000000,0.000000000000,0.000000000000,40205.839843750000,16162.557278506101,-87.529356652666,1,1,0,1,1,1.000000000000,0
1,129,Tentative,1,128,660513.286566,4344614.640738,39.220353957869,118.858860564785,0.000000000000,0.000000000000,0.000000000000,0.000000000000,40205.839843750000,16555.325958220219,-87.142900280559,1,1,0,1,1,1.000000000000,0
1,130,Tentative,1,129,660649.330181,4345325.027014,39.226732365092,118.860435272601,0.000000000000,0.000000000000,0.000000000000,0.000000000000,40205.839843750000,15832.467083684011,-87.053116590145,1,1,0,1,1,1.000000000000,0
1,131,Tentative,1,130,660627.352400,4344755.478522,39.221611500236,118.860180879434,0.000000000000,0.000000000000,0.000000000000,0.000000000000,40205.839843750000,16394.188629783315,-87.422632385564,1,1,0,1,1,1.000000000000,0
1,132,Tentative,1,131,660971.370900,4346108.676364,39.233735205010,118.864162893101,0.000000000000,0.000000000000,0.000000000000,0.000000000000,40205.839843750000,14988.249959084165,-87.776489972310,1,1,0,1,1,1.000000000000,0
1,133,Tentative,1,132,661063.126319,4346563.729370,39.237812869701,118.865224959821,0.000000000000,0.000000000000,0.000000000000,0.000000000000,40205.839843750000,14522.856868283128,-87.753093159308,1,1,0,1,1,1.000000000000,0
1,134,Tentative,1,133,660786.032575,4344515.009842,39.219407016040,118.862017603814,0.000000000000,0.000000000000,0.000000000000,0.000000000000,40205.968750000000,16594.386594828222,-88.161498344314,1,1,0,1,1,1.000000000000,0
1,135,Tentative,1,134,660830.241515,4344849.099868,39.222416387215,118.862529322190,0.000000000000,0.000000000000,0.000000000000,0.000000000000,40205.968750000000,16259.541719088098,-88.074369036167,1,1,0,1,1,1.000000000000,0
1,136,Tentative,1,135,661089.457830,4345002.384844,39.223747650552,118.865529746246,0.000000000000,0.000000000000,0.000000000000,0.000000000000,40205.968750000000,16057.889000590287,-88.867225078984,1,1,0,1,1,1.000000000000,0
1,137,Tentative,1,136,661555.248230,4344532.758754,39.219424010133,118.870921243469,0.000000000000,0.000000000000,0.000000000000,0.000000000000,40206.093750000000,16437.440630456273,-90.806168935284,1,1,0,1,1,1.000000000000,0
1,138,Tentative,1,137,661826.662629,4345531.487824,39.228371310099,118.874062838886,0.000000000000,0.000000000000,0.000000000000,0.000000000000,40206.093750000000,15408.707602898856,-91.212350039941,1,1,0,1,1,1.000000000000,0
1,139,Tentative,1,138,661628.362813,4344817.670628,39.221985448167,118.871767538474,0.000000000000,0.000000000000,0.000000000000,0.000000000000,40206.093750000000,16145.811795311225,-90.901659248749,1,1,0,1,1,1.000000000000,0
1,140,Tentative,1,139,661602.475907,4344841.587834,39.222205476820,118.871467899824,0.000000000000,0.000000000000,0.000000000000,0.000000000000,40206.093750000000,16126.274107584541,-90.799349845171,1,1,0,1,1,1.000000000000,0
1,141,Tentative,1,140,661842.422084,4345512.839079,39.228200568458,118.874245252815,0.000000000000,0.000000000000,0.000000000000,0.000000000000,40206.093750000000,15424.767773344036,-91.280703158060,1,1,0,1,1,1.000000000000,0
1,142,Tentative,1,141,661660.352256,4344941.895995,39.223097304230,118.872137813333,0.000000000000,0.000000000000,0.000000000000,0.000000000000,40206.093750000000,16018.112659740107,-90.946011082124,1,1,0,1,1,1.000000000000,0
1,143,Tentative,1,142,661682.315589,4344958.222795,39.223240128996,118.872392036841,0.000000000000,0.000000000000,0.000000000000,0.000000000000,40206.093750000000,15998.572652459745,-91.014266870048,1,1,0,1,1,1.000000000000,0
1,144,Tentative,1,143,661823.853870,4345381.475817,39.227021990607,118.874030327812,0.000000000000,0.000000000000,0.000000000000,0.000000000000,40206.093750000000,15557.428461991940,-91.287540177419,1,1,0,1,1,1.000000000000,0
1,145,Tentative,1,144,661562.559688,4344561.264814,39.219679154480,118.871005872991,0.000000000000,0.000000000000,0.000000000000,0.000000000000,40206.093750000000,16408.141619301536,-90.812988025396,1,1,0,1,1,1.000000000000,0
1,146,Tentative,1,145,661807.356030,4345427.784382,39.227441758895,118.873839367129,0.000000000000,0.000000000000,0.000000000000,0.000000000000,40206.093750000000,15514.141187703814,-91.202098779770,1,1,0,1,1,1.000000000000,0
1,147,Tentative,1,146,661639.358958,4344889.400272,39.222628842086,118.871894817849,0.000000000000,0.000000000000,0.000000000000,0.000000000000,40206.093750000000,16073.241466191041,-90.901659248749,1,1,0,1,1,1.000000000000,0
1,148,Tentative,1,147,661794.854157,4345609.886798,39.229082687110,118.873694659302,0.000000000000,0.000000000000,0.000000000000,0.000000000000,40206.093750000000,15336.084296778319,-91.051817542557,1,1,0,1,1,1.000000000000,0
1,149,Tentative,1,148,661702.686328,4345880.021502,39.231530583028,118.872627826172,0.000000000000,0.000000000000,0.000000000000,0.000000000000,40206.093750000000,15083.953375670048,-90.547238171396,1,1,0,1,1,1.000000000000,0
1,150,Tentative,1,149,661805.155353,4345831.652735,39.231076269614,118.873813894530,0.000000000000,0.000000000000,0.000000000000,0.000000000000,40206.093750000000,15115.386259296543,-90.959660361407,1,1,0,1,1,1.000000000000,0
1,151,Tentative,1,150,661854.608640,4346342.264941,39.235672973436,118.874386310817,0.000000000000,0.000000000000,0.000000000000,0.000000000000,40206.093750000000,14596.946912923142,-91.038162286859,1,1,0,1,1,1.000000000000,0
1,152,Tentative,1,151,661719.343425,4345788.808086,39.230706722835,118.872820630427,0.000000000000,0.000000000000,0.000000000000,0.000000000000,40206.093750000000,15171.264224732864,-90.666435217696,1,1,0,1,1,1.000000000000,0
1,153,Tentative,1,152,662723.540494,4344724.720273,39.220933266840,118.884444057160,0.000000000000,0.000000000000,0.000000000000,0.000000000000,40206.222656250000,16102.549696566357,-94.830149698474,1,1,0,1,1,1.000000000000,0
1,154,Tentative,1,153,663305.859445,4345323.596163,39.226224152680,118.891184259720,0.000000000000,0.000000000000,0.000000000000,0.000000000000,40206.351562500000,15465.266923346857,-96.809549405558,1,1,0,1,1,1.000000000000,0
1,155,Tentative,1,154,663292.387509,4344933.532001,39.222716797617,118.891028325701,0.000000000000,0.000000000000,0.000000000000,0.000000000000,40206.351562500000,15855.501609952702,-96.837444538459,1,1,0,1,1,1.000000000000,0
1,156,Tentative,1,155,663406.873634,4344944.529862,39.222794231248,118.892353471062,0.000000000000,0.000000000000,0.000000000000,0.000000000000,40206.480468750000,15839.448750214953,-97.276879272863,1,1,0,1,1,1.000000000000,0
1,157,Tentative,1,156,663307.712650,4344920.065634,39.222592743311,118.891205710073,0.000000000000,0.000000000000,0.000000000000,0.000000000000,40206.480468750000,15868.763073623266,-96.921043706022,1,1,0,1,1,1.000000000000,0
1,158,Tentative,1,157,663594.633812,4345525.320300,39.227984667157,118.894526740338,0.000000000000,0.000000000000,0.000000000000,0.000000000000,40206.480468750000,15250.187130918855,-97.880855825695,1,1,0,1,1,1.000000000000,0
1,159,Tentative,1,158,663425.362258,4344526.110821,39.219014386346,118.892567471659,0.000000000000,0.000000000000,0.000000000000,0.000000000000,40206.480468750000,16255.357022507671,-97.409498921543,1,1,0,1,1,1.000000000000,0
1,160,Tentative,1,159,661641.154247,4345024.673474,39.223845727579,118.871915598154,0.000000000000,0.000000000000,0.000000000000,0.000000000000,40206.480468750000,15939.253654323018,-90.905035069746,1,1,0,1,1,1.000000000000,0
1,161,Tentative,1,160,661782.656324,4345776.433433,39.230583583993,118.873553470702,0.000000000000,0.000000000000,0.000000000000,0.000000000000,40206.480468750000,15173.360726952194,-90.990335594743,1,1,0,1,1,1.000000000000,0
1,162,Tentative,1,161,662570.195108,4345233.062653,39.225547495563,118.882669114903,0.000000000000,0.000000000000,0.000000000000,0.000000000000,40206.609375000000,15613.281575068942,-94.178480922877,1,1,0,1,1,1.000000000000,0
1,163,Tentative,1,162,662223.204505,4345402.872387,39.227140037755,118.878652758544,0.000000000000,0.000000000000,0.000000000000,0.000000000000,40206.609375000000,15482.024983742771,-92.835137673052,1,1,0,1,1,1.000000000000,0
1,164,Tentative,1,163,662317.442773,4345198.005667,39.225279308422,118.879743551519,0.000000000000,0.000000000000,0.000000000000,0.000000000000,40206.609375000000,15675.412890293614,-93.269472817468,1,1,0,1,1,1.000000000000,0
1,165,Tentative,1,164,662405.013865,4345213.339445,39.225400918152,118.880757172127,0.000000000000,0.000000000000,0.000000000000,0.000000000000,40206.609375000000,15650.281590411669,-93.583639748060,1,1,0,1,1,1.000000000000,0
1,166,Tentative,1,165,662270.837612,4345413.203370,39.227224101893,118.879204104305,0.000000000000,0.000000000000,0.000000000000,0.000000000000,40206.609375000000,15465.965776722262,-93.007397605241,1,1,0,1,1,1.000000000000,0
1,167,Tentative,1,166,665486.093876,4344622.195901,39.219488867794,118.916419624610,0.000000000000,0.000000000000,0.000000000000,0.000000000000,40206.863281250000,16204.424615293201,-104.754424380900,1,1,0,1,1,1.000000000000,0
1,168,Tentative,1,167,663977.878422,4344353.073545,39.217353239730,118.898962672993,0.000000000000,0.000000000000,0.000000000000,0.000000000000,40206.992187500000,16417.212531986504,-99.443398415562,1,1,0,1,1,1.000000000000,0
1,169,Tentative,1,168,663981.526924,4344406.068907,39.217829415557,118.899004903147,0.000000000000,0.000000000000,0.000000000000,0.000000000000,40206.992187500000,16364.193792101267,-99.457385735848,1,1,0,1,1,1.000000000000,0
1,170,Tentative,1,169,663922.262368,4346173.554159,39.233767174752,118.898318936110,0.000000000000,0.000000000000,0.000000000000,0.000000000000,40206.992187500000,14598.347107002030,-99.369965931217,1,1,0,1,1,1.000000000000,0
1,171,Tentative,1,170,663897.230171,4346184.300451,39.233868595474,118.898029196847,0.000000000000,0.000000000000,0.000000000000,0.000000000000,40206.992187500000,14587.863231702016,-99.268562168035,1,1,0,1,1,1.000000000000,0
1,172,Tentative,1,171,663820.382273,4346569.920013,39.237352984700,118.897139707834,0.000000000000,0.000000000000,0.000000000000,0.000000000000,40206.992187500000,14203.357934042020,-98.943401140839,1,1,0,1,1,1.000000000000,0
1,173,Tentative,1,172,663808.338934,4344727.837451,39.220768773328,118.897000310105,0.000000000000,0.000000000000,0.000000000000,0.000000000000,40206.992187500000,16046.028473794837,-98.828035297054,1,1,0,1,1,1.000000000000,0
1,174,Tentative,1,173,663835.941457,4346675.441368,39.238299555981,118.897319800296,0.000000000000,0.000000000000,0.000000000000,0.000000000000,40206.992187500000,14096.360947413365,-98.999338896037,1,1,0,1,1,1.000000000000,0
1,175,Tentative,1,174,663960.750734,4344522.755078,39.218883306241,118.898764425865,0.000000000000,0.000000000000,0.000000000000,0.000000000000,40206.992187500000,16247.683351483269,-99.380456194648,1,1,0,1,1,1.000000000000,0
1,176,Tentative,1,175,663976.350974,4344334.253041,39.217184176807,118.898944993305,0.000000000000,0.000000000000,0.000000000000,0.000000000000,40206.992187500000,16436.047545140656,-99.439901572150,1,1,0,1,1,1.000000000000,0
1,177,Tentative,1,176,663754.053006,4344740.822472,39.220895850259,118.896371967982,0.000000000000,0.000000000000,0.000000000000,0.000000000000,40206.992187500000,16034.165252845232,-98.632283569545,1,1,0,1,1,1.000000000000,0
1,178,Tentative,1,177,663889.689394,4346886.408610,39.240175721521,118.898533922107,0.000000000000,0.000000000000,0.000000000000,0.000000000000,40206.992187500000,13885.117836000010,-98.995842799677,1,1,0,1,1,1.000000000000,0
1,179,Tentative,1,178,663860.257206,4346588.882968,39.237516097281,118.897601247074,0.000000000000,0.000000000000,0.000000000000,0.000000000000,40206.992187500000,14183.777944265350,-99.100730599667,1,1,0,1,1,1.000000000000,0
1,180,Tentative,1,179,665997.594788,4345707.724684,39.229170142594,118.922339973282,0.000000000000,0.000000000000,0.000000000000,0.000000000000,40207.246093750000,15183.140662805947,-107.092193228120,1,1,0,1,1,1.000000000000,0
1,181,Tentative,1,180,665985.860189,4345716.809366,39.229254130838,118.922204151921,0.000000000000,0.000000000000,0.000000000000,0.000000000000,40207.246093750000,15172.663946974677,-107.050881682699,1,1,0,1,1,1.000000000000,0
1,182,Tentative,1,181,665920.773348,4345207.264569,39.224681874670,118.921450808161,0.000000000000,0.000000000000,0.000000000000,0.000000000000,40207.246093750000,15671.923804461323,-106.582171476851,1,1,0,1,1,1.000000000000,0
1,183,Tentative,1,182,665820.217733,4346662.094002,39.237802963437,118.920286932277,0.000000000000,0.000000000000,0.000000000000,0.000000000000,40207.246093750000,14220.840225054762,-107.068096320728,1,1,0,1,1,1.000000000000,0
1,184,Tentative,1,183,665840.802904,4345749.943683,39.229579984691,118.920525194388,0.000000000000,0.000000000000,0.000000000000,0.000000000000,40207.246093750000,15122.374021419409,-106.520067554936,1,1,0,1,1,1.000000000000,0
1,185,Tentative,1,184,665799.387961,4345958.086480,39.231472116665,118.920045838997,0.000000000000,0.000000000000,0.000000000000,0.000000000000,40207.246093750000,14912.103360356909,-106.454496458243,1,1,0,1,1,1.000000000000,0
1,186,Tentative,1,185,665889.459910,4346529.072171,39.236592782758,118.921088372481,0.000000000000,0.000000000000,0.000000000000,0.000000000000,40207.246093750000,14362.776624746215,-107.278002548075,1,1,0,1,1,1.000000000000,0
1,187,Tentative,1,186,666096.394178,4344633.193510,39.219471354910,118.923483519918,0.000000000000,0.000000000000,0.000000000000,0.000000000000,40207.246093750000,16261.637854206025,-106.961347721077,1,1,0,1,1,1.000000000000,0
1,188,Tentative,1,187,665888.757936,4346512.057280,39.236439812886,118.921080247515,0.000000000000,0.000000000000,0.000000000000,0.000000000000,40207.246093750000,14379.555539847319,-107.264243985765,1,1,0,1,1,1.000000000000,0
1,189,Tentative,1,188,666024.900714,4345409.738500,39.226483575954,118.922656023925,0.000000000000,0.000000000000,0.000000000000,0.000000000000,40207.246093750000,15483.422774705417,-107.050881682699,1,1,0,1,1,1.000000000000,0
1,190,Tentative,1,189,665844.849566,4346029.509350,39.232106118491,118.920572032286,0.000000000000,0.000000000000,0.000000000000,0.000000000000,40207.246093750000,14846.427018592583,-106.661503697174,1,1,0,1,1,1.000000000000,0
1,191,Tentative,1,190,666021.606918,4345317.188636,39.225651732537,118.922617900110,0.000000000000,0.000000000000,0.000000000000,0.000000000000,40207.246093750000,15574.885209031605,-106.999231792195,1,1,0,1,1,1.000000000000,0
1,192,Tentative,1,191,665850.488832,4345991.483726,39.231762878552,118.920637303701,0.000000000000,0.000000000000,0.000000000000,0.000000000000,40207.246093750000,14884.855277000535,-106.664952088931,1,1,0,1,1,1.000000000000,0
1,193,Tentative,1,192,666032.328042,4345302.344416,39.225516111859,118.922741991028,0.000000000000,0.000000000000,0.000000000000,0.000000000000,40207.246093750000,15590.942613807174,-107.030223348667,1,1,0,1,1,1.000000000000,0
1,194,Tentative,1,193,666082.516801,4344706.003476,39.220129168984,118.923322897252,0.000000000000,0.000000000000,0.000000000000,0.000000000000,40207.246093750000,16187.679732599436,-106.944125825972,1,1,0,1,1,1.000000000000,0
1,195,Tentative,1,194,665809.355222,4346215.426204,39.233785816659,118.920161204629,0.000000000000,0.000000000000,0.000000000000,0.000000000000,40207.246093750000,14664.043549856851,-106.809749964901,1,1,0,1,1,1.000000000000,0
1,196,Tentative,1,195,666027.564707,4344447.085722,39.217809871086,118.922686858130,0.000000000000,0.000000000000,0.000000000000,0.000000000000,40207.246093750000,16438.140817348140,-106.644259603954,1,1,0,1,1,1.000000000000,0
1,197,Tentative,1,196,665830.855901,4346372.965647,39.235199289007,118.920410063274,0.000000000000,0.000000000000,0.000000000000,0.000000000000,40207.246093750000,14510.278881586755,-106.968236393742,1,1,0,1,1,1.000000000000,0
1,198,Tentative,1,197,666137.953920,4344690.441542,39.219978538962,118.923964549922,0.000000000000,0.000000000000,0.000000000000,0.000000000000,40207.246093750000,16210.007234161765,-107.133497943352,1,1,0,1,1,1.000000000000,0
1,199,Tentative,1,198,666044.004728,4344472.222063,39.218032911604,118.922877142028,0.000000000000,0.000000000000,0.000000000000,0.000000000000,40207.246093750000,16415.120246406335,-106.713227865985,1,1,0,1,1,1.000000000000,0
1,200,Tentative,1,199,665911.394803,4346576.345942,39.237013974193,118.921342256716,0.000000000000,0.000000000000,0.000000000000,0.000000000000,40207.246093750000,14318.730231044023,-107.388037749377,1,1,0,1,1,1.000000000000,0
1,201,Tentative,1,200,665843.368414,4346410.444808,39.235534146570,118.920554888767,0.000000000000,0.000000000000,0.000000000000,0.000000000000,40207.246093750000,14474.629219092745,-107.033666617783,1,1,0,1,1,1.000000000000,0
1,202,Tentative,1,201,666005.806757,4346208.837222,39.233689009694,118.922435022192,0.000000000000,0.000000000000,0.000000000000,0.000000000000,40207.246093750000,14695.491830285733,-107.566726597122,1,1,0,1,1,1.000000000000,0
1,203,Tentative,1,202,665950.888046,4344900.186190,39.221912960219,118.921799368998,0.000000000000,0.000000000000,0.000000000000,0.000000000000,40207.246093750000,15980.430712817457,-106.561472161684,1,1,0,1,1,1.000000000000,0
1,204,Tentative,1,203,665989.074354,4344839.330687,39.221358072877,118.922241354072,0.000000000000,0.000000000000,0.000000000000,0.000000000000,40207.246093750000,16045.331165478952,-106.671849299332,1,1,0,1,1,1.000000000000,0
1,205,Tentative,1,204,665815.086807,4346445.679832,39.235856598064,118.920227544602,0.000000000000,0.000000000000,0.000000000000,0.000000000000,40207.246093750000,14436.181697879965,-106.940681276196,1,1,0,1,1,1.000000000000,0
1,206,Tentative,1,205,665925.355704,4344956.242889,39.222422248349,118.921503846390,0.000000000000,0.000000000000,0.000000000000,0.000000000000,40207.246093750000,15921.807527043631,-106.492460784084,1,1,0,1,1,1.000000000000,0
1,207,Tentative,1,206,665991.332957,4344859.275592,39.221537110185,118.922267496123,0.000000000000,0.000000000000,0.000000000000,0.000000000000,40207.246093750000,16025.791660428908,-106.689091258118,1,1,0,1,1,1.000000000000,0
1,208,Tentative,1,207,666287.702210,4345126.792605,39.223887611311,118.925697798293,0.000000000000,0.000000000000,0.000000000000,0.000000000000,40207.375000000000,15800.363603359046,-107.896181625511,1,1,0,1,1,1.000000000000,0
1,209,Tentative,1,208,666280.549966,4345808.704884,39.230024672479,118.925615015329,0.000000000000,0.000000000000,0.000000000000,0.000000000000,40207.375000000000,15123.072836757969,-108.228571927696,1,1,0,1,1,1.000000000000,0
1,210,Tentative,1,209,666257.203825,4345821.538500,39.230144620595,118.925344797624,0.000000000000,0.000000000000,0.000000000000,0.000000000000,40207.375000000000,15107.007419941194,-108.149807893735,1,1,0,1,1,1.000000000000,0
1,211,Tentative,1,210,666116.103614,4346892.990966,39.239811742642,118.924311678610,0.000000000000,0.000000000000,0.000000000000,0.000000000000,40207.375000000000,14026.420761474561,-108.204603086352,1,1,0,1,1,1.000000000000,0
1,212,Tentative,1,211,666243.275771,4344681.333442,39.219876433826,118.925183588649,0.000000000000,0.000000000000,0.000000000000,0.000000000000,40207.375000000000,16234.427724420280,-107.522025570325,1,1,0,1,1,1.000000000000,0
1,213,Tentative,1,212,666004.262009,4345531.541325,39.227583529995,118.922417142600,0.000000000000,0.000000000000,0.000000000000,0.000000000000,40207.375000000000,15360.528560514800,-107.061160690513,1,1,0,1,1,1.000000000000,0
1,214,Tentative,1,213,665862.944092,4346226.595525,39.233876090936,118.920781466503,0.000000000000,0.000000000000,0.000000000000,0.000000000000,40207.375000000000,14661.248424017747,-107.050831736941,1,1,0,1,1,1.000000000000,0
1,215,Tentative,1,214,666099.340497,4345554.341564,39.227770518221,118.923517621859,0.000000000000,0.000000000000,0.000000000000,0.000000000000,40207.375000000000,15350.053857350604,-107.422367987693,1,1,0,1,1,1.000000000000,0
1,216,Tentative,1,215,666143.969623,4344597.334831,39.219139592777,118.924034178184,0.000000000000,0.000000000000,0.000000000000,0.000000000000,40207.375000000000,16304.894399187539,-107.136890839822,1,1,0,1,1,1.000000000000,0
1,217,Tentative,1,216,665993.425060,4345638.574314,39.228548708322,118.922291711036,0.000000000000,0.000000000000,0.000000000000,0.000000000000,40207.375000000000,15252.982681873111,-107.068045948083,1,1,0,1,1,1.000000000000,0
1,218,Tentative,1,217,666069.718052,4344734.850634,39.220402524798,118.923174759066,0.000000000000,0.000000000000,0.000000000000,0.000000000000,40207.375000000000,16160.467780560486,-106.937184646228,1,1,0,1,1,1.000000000000,0
1,219,Tentative,1,218,666161.553426,4344605.197640,39.219206981083,118.924237700487,0.000000000000,0.000000000000,0.000000000000,0.000000000000,40207.375000000000,16299.313042431462,-107.202272825652,1,1,0,1,1,1.000000000000,0
1,220,Tentative,1,219,666046.941020,4346147.151001,39.233126081489,118.922911127936,0.000000000000,0.000000000000,0.000000000000,0.000000000000,40207.375000000000,14763.975390449381,-107.721201570486,1,1,0,1,1,1.000000000000,0
1,221,Tentative,1,220,666221.247150,4344699.514067,39.220044242480,118.924928620364,0.000000000000,0.000000000000,0.000000000000,0.000000000000,40207.375000000000,16213.496168492195,-107.453301060670,1,1,0,1,1,1.000000000000,0
1,222,Tentative,1,221,665946.045081,4345855.777784,39.230512207245,118.921743314389,0.000000000000,0.000000000000,0.000000000000,0.000000000000,40207.375000000000,15031.565939404372,-106.992293173772,1,1,0,1,1,1.000000000000,0
1,223,Tentative,1,222,666036.381944,4345849.674489,39.230440027411,118.922788912641,0.000000000000,0.000000000000,0.000000000000,0.000000000000,40207.375000000000,15049.029815632497,-107.332981302025,1,1,0,1,1,1.000000000000,0
1,224,Tentative,1,223,666260.613448,4344935.611947,39.222172508304,118.925384261980,0.000000000000,0.000000000000,0.000000000000,0.000000000000,40207.375000000000,15986.014010722303,-107.704038158875,1,1,0,1,1,1.000000000000,0
1,225,Tentative,1,224,666407.140357,4345401.615260,39.226337346566,118.927080222807,0.000000000000,0.000000000000,0.000000000000,0.000000000000,40207.375000000000,15545.562628150152,-108.474930874643,1,1,0,1,1,1.000000000000,0
1,226,Tentative,1,225,665879.271531,4345908.146681,39.230996187304,118.920970447617,0.000000000000,0.000000000000,0.000000000000,0.000000000000,40207.375000000000,14971.487556616361,-106.764886721112,1,1,0,1,1,1.000000000000,0
1,227,Tentative,1,226,665991.057870,4345824.828739,39.230225121008,118.922264312156,0.000000000000,0.000000000000,0.000000000000,0.000000000000,40207.375000000000,15067.890414908925,-107.147215524526,1,1,0,1,1,1.000000000000,0
1,228,Tentative,1,227,666225.243140,4345230.877728,39.224836146620,118.924974871597,0.000000000000,0.000000000000,0.000000000000,0.000000000000,40207.375000000000,15688.678023154433,-107.724633740544,1,1,0,1,1,1.000000000000,0
1,229,Tentative,1,228,666121.955482,4344486.284782,39.218144548658,118.923779377269,0.000000000000,0.000000000000,0.000000000000,0.000000000000,40207.375000000000,16412.330142168568,-107.012955776672,1,1,0,1,1,1.000000000000,0
1,230,Tentative,1,229,666043.164991,4345256.921315,39.225105313060,118.922867422552,0.000000000000,0.000000000000,0.000000000000,0.000000000000,40207.375000000000,15639.113571631337,-107.074931632540,1,1,0,1,1,1.000000000000,0
1,231,Tentative,1,230,666614.361062,4346857.374919,39.239395769085,118.930080503200,0.000000000000,0.000000000000,0.000000000000,0.000000000000,40204.175781250000,14090.758418739762,-109.531951313801,1,1,0,1,1,1.000000000000,0
1,232,Tentative,1,231,667992.643532,4346839.658866,39.238970717706,118.946038113985,0.000000000000,0.000000000000,0.000000000000,0.000000000000,40204.304687500000,14406.113392364561,-114.962595449290,1,1,0,1,1,1.000000000000,0
1,233,Tentative,1,232,667972.575689,4346851.635236,39.239082367231,118.945805772108,0.000000000000,0.000000000000,0.000000000000,0.000000000000,40204.304687500000,14389.335043869576,-114.897372265358,1,1,0,1,1,1.000000000000,0
1,234,Tentative,1,233,667659.660703,4346474.866332,39.235765194081,118.941577295448,0.000000000000,0.000000000000,0.000000000000,0.000000000000,40204.304687500000,14691.290930639987,-113.535173851443,1,1,0,1,1,1.000000000000,0
1,235,Tentative,1,234,667637.559310,4346486.045423,39.235870051209,118.941321488332,0.000000000000,0.000000000000,0.000000000000,0.000000000000,40204.304687500000,14675.217424985254,-113.459200803531,1,1,0,1,1,1.000000000000,0
1,236,Tentative,1,235,668129.631873,4344935.012454,39.221807408167,118.947016847746,0.000000000000,0.000000000000,0.000000000000,0.000000000000,40204.304687500000,16286.049802995325,-113.683674970604,1,1,0,1,1,1.000000000000,0
1,237,Tentative,1,236,667885.161533,4346886.290826,39.239411116569,118.944793706194,0.000000000000,0.000000000000,0.000000000000,0.000000000000,40204.304687500000,14333.404584200351,-114.596828573952,1,1,0,1,1,1.000000000000,0
1,238,Tentative,1,237,667783.275681,4345993.020017,39.231405564190,118.943008045460,0.000000000000,0.000000000000,0.000000000000,0.000000000000,40204.304687500000,15176.148582377586,-113.366646617636,1,1,0,1,1,1.000000000000,0
1,239,Tentative,1,238,668136.617636,4344923.798230,39.221705147997,118.947097702351,0.000000000000,0.000000000000,0.000000000000,0.000000000000,40204.304687500000,16298.607970747811,-113.696865773438,1,1,0,1,1,1.000000000000,0
1,240,Tentative,1,239,667608.401972,4347244.042533,39.242695023082,118.941589426468,0.000000000000,0.000000000000,0.000000000000,0.000000000000,40204.304687500000,13919.388964560827,-113.868211314052,1,1,0,1,1,1.000000000000,0
1,241,Tentative,1,240,668267.508397,4344750.772327,39.220122878597,118.948612657048,0.000000000000,0.000000000000,0.000000000000,0.000000000000,40204.304687500000,16498.124646272110,-113.996553983651,1,1,0,1,1,1.000000000000,0
1,242,Tentative,1,241,668313.657874,4344738.705488,39.220005358497,118.949146799470,0.000000000000,0.000000000000,0.000000000000,0.000000000000,40204.304687500000,16521.143574388578,-114.141176409137,1,1,0,1,1,1.000000000000,0
1,243,Tentative,1,242,669010.214920,4344876.711414,39.221111936218,118.957208848157,0.000000000000,0.000000000000,0.000000000000,0.000000000000,40204.558593750000,16579.735562577109,-116.641179324618,1,1,0,1,1,1.000000000000,0
1,244,Tentative,1,243,670585.698671,4347127.202442,39.241052416412,118.976059660592,0.000000000000,0.000000000000,0.000000000000,0.000000000000,40204.945312500000,15018.983382003604,-124.810158996487,1,1,0,1,1,1.000000000000,0
1,245,Tentative,1,244,670606.113958,4346744.338873,39.237603309533,118.976296019120,0.000000000000,0.000000000000,0.000000000000,0.000000000000,40204.945312500000,15376.581385179425,-124.275817929791,1,1,0,1,1,1.000000000000,0
1,246,Tentative,1,245,670877.845031,4346432.339049,39.234755492395,118.978824791405,0.000000000000,0.000000000000,0.000000000000,0.000000000000,40204.945312500000,15796.167669755483,-124.882014294102,1,1,0,1,1,1.000000000000,0
1,247,Tentative,1,246,670585.821699,4346750.780014,39.237665256201,118.976061084943,0.000000000000,0.000000000000,0.000000000000,0.000000000000,40204.945312500000,15361.218701503058,-124.220679520169,1,1,0,1,1,1.000000000000,0
1,248,Tentative,1,247,671019.057653,4345898.107413,39.229909256347,118.980459169701,0.000000000000,0.000000000000,0.000000000000,0.000000000000,40204.945312500000,16316.746994540705,-124.371467898928,1,1,0,1,1,1.000000000000,0
1,249,Tentative,1,248,670902.255095,4346419.086458,39.234631440981,118.979107310783,0.000000000000,0.000000000000,0.000000000000,0.000000000000,40204.945312500000,15818.503416281197,-124.942309496548,1,1,0,1,1,1.000000000000,0
1,250,Tentative,1,249,670230.714483,4347706.566858,39.246346648106,118.971949814164,0.000000000000,0.000000000000,0.000000000000,0.000000000000,40205.070312500000,14373.956366824934,-124.678747010629,1,1,0,1,1,1.000000000000,0
1,251,Tentative,1,250,670936.406028,4348363.782847,39.252121446181,118.980119977789,0.000000000000,0.000000000000,0.000000000000,0.000000000000,40205.070312500000,14101.950183435187,-128.405711448233,1,1,0,1,1,1.000000000000,0
1,252,Tentative,1,251,671219.173505,4347763.778533,39.246667055392,118.983393710322,0.000000000000,0.000000000000,0.000000000000,0.000000000000,40205.070312500000,14765.366537137292,-128.256996031887,1,1,0,1,1,1.000000000000,0
1,253,Tentative,1,252,672121.921761,4349093.473207,39.258464396648,118.993845192074,0.000000000000,0.000000000000,0.000000000000,0.000000000000,40205.457031250000,14140.415804015500,-134.309469127151,1,1,0,1,1,1.000000000000,0
1,254,Tentative,1,253,672150.665033,4349347.650100,39.260732559904,118.994800443224,0.000000000000,0.000000000000,0.000000000000,0.000000000000,40205.457031250000,13915.894213350162,-134.818085993885,1,1,0,1,1,1.000000000000,0
1,255,Tentative,1,254,672110.765928,4349020.663002,39.257811445418,118.993716037051,0.000000000000,0.000000000000,0.000000000000,0.000000000000,40205.457031250000,14194.262697730019,-134.106660320126,1,1,0,1,1,1.000000000000,0
1,256,Tentative,1,255,672242.183387,4349087.293904,39.258384940922,118.995237502554,0.000000000000,0.000000000000,0.000000000000,0.000000000000,40205.457031250000,14213.842417977377,-134.695644607729,1,1,0,1,1,1.000000000000,0
1,257,Tentative,1,256,672175.508829,4349312.101891,39.260407758047,118.995088158136,0.000000000000,0.000000000000,0.000000000000,0.000000000000,40205.457031250000,13959.265247591798,-134.818085993885,1,1,0,1,1,1.000000000000,0
1,258,Tentative,1,257,671578.015459,4348290.061999,39.251331513241,118.987548179899,0.000000000000,0.000000000000,0.000000000000,0.000000000000,40205.582031250000,14499.090195153482,-130.588606609797,1,1,0,1,1,1.000000000000,0
1,259,Tentative,1,258,671607.534804,4348437.677212,39.252665229503,118.987889937562,0.000000000000,0.000000000000,0.000000000000,0.000000000000,40205.582031250000,14388.639279675452,-130.987810676217,1,1,0,1,1,1.000000000000,0
1,260,Tentative,1,259,671925.329195,4348325.484224,39.251581535614,118.991569168324,0.000000000000,0.000000000000,0.000000000000,0.000000000000,40205.582031250000,14649.362669436101,-131.826653528942,1,1,0,1,1,1.000000000000,0
1,261,Tentative,1,260,671552.489786,4348956.113071,39.257341114847,118.987252658552,0.000000000000,0.000000000000,0.000000000000,0.000000000000,40205.582031250000,13946.674370430082,-132.080384811325,1,1,0,1,1,1.000000000000,0
1,262,Tentative,1,261,674519.838868,4348008.653384,39.248212913715,119.021606395063,0.000000000000,0.000000000000,0.000000000000,0.000000000000,40206.093750000000,16437.440630455818,-139.016383856865,1,1,0,1,1,1.000000000000,0
1,263,Tentative,1,262,673960.610900,4348925.561270,39.256586980194,119.015132151600,0.000000000000,0.000000000000,0.000000000000,0.000000000000,40206.093750000000,15408.707602899103,-139.708620114151,1,1,0,1,1,1.000000000000,0
1,264,Tentative,1,263,674371.988249,4348263.104356,39.250532232280,119.019894715768,0.000000000000,0.000000000000,0.000000000000,0.000000000000,40206.093750000000,16145.811795311334,-139.182350623507,1,1,0,1,1,1.000000000000,0
1,265,Tentative,1,264,674325.194222,4348250.137244,39.250424949006,119.019352976778,0.000000000000,0.000000000000,0.000000000000,0.000000000000,40206.093750000000,16126.274107584501,-139.024805480111,1,1,0,1,1,1.000000000000,0
1,266,Tentative,1,265,673992.501328,4348931.283188,39.256632076313,119.015501351561,0.000000000000,0.000000000000,0.000000000000,0.000000000000,40206.093750000000,15424.767773343727,-139.813743555667,1,1,0,1,1,1.000000000000,0
1,267,Tentative,1,266,674307.246622,4348375.102468,39.251553018791,119.019145195605,0.000000000000,0.000000000000,0.000000000000,0.000000000000,40206.093750000000,16018.112659739967,-139.255631723112,1,1,0,1,1,1.000000000000,0
1,268,Tentative,1,267,674317.812548,4348410.325493,39.251879117528,119.019267518397,0.000000000000,0.000000000000,0.000000000000,0.000000000000,40206.093750000000,15998.572652459823,-139.362138277935,1,1,0,1,1,1.000000000000,0
1,269,Tentative,1,268,674077.241035,4348829.261998,39.255697078060,119.016482394438,0.000000000000,0.000000000000,0.000000000000,0.000000000000,40206.093750000000,15557.428461992018,-139.811684253632,1,1,0,1,1,1.000000000000,0
1,270,Tentative,1,269,674504.945250,4348034.300555,39.248446686826,119.021433970492,0.000000000000,0.000000000000,0.000000000000,0.000000000000,40206.093750000000,16408.141619301783,-139.033227103358,1,1,0,1,1,1.000000000000,0
1,271,Tentative,1,270,674022.489040,4348839.927811,39.255804028741,119.015848523394,0.000000000000,0.000000000000,0.000000000000,0.000000000000,40206.093750000000,15514.141187703844,-139.681774055618,1,1,0,1,1,1.000000000000,0
1,272,Tentative,1,271,674326.583714,4348319.695873,39.251050574615,119.019369063061,0.000000000000,0.000000000000,0.000000000000,0.000000000000,40206.093750000000,16073.241466190968,-139.184447491582,1,1,0,1,1,1.000000000000,0
1,273,Tentative,1,272,673863.825482,4348939.576960,39.256732485791,119.014011652551,0.000000000000,0.000000000000,0.000000000000,0.000000000000,40206.093750000000,15336.084296778938,-139.464160813567,1,1,0,1,1,1.000000000000,0
1,274,Tentative,1,273,673550.094103,4349008.967167,39.257419651180,119.010379530682,0.000000000000,0.000000000000,0.000000000000,0.000000000000,40206.093750000000,15083.953375669920,-138.713960155889,1,1,0,1,1,1.000000000000,0
1,275,Tentative,1,274,673698.187740,4349088.959754,39.258109824189,119.012094037478,0.000000000000,0.000000000000,0.000000000000,0.000000000000,40206.093750000000,15115.386259296247,-139.341278880209,1,1,0,1,1,1.000000000000,0
1,276,Tentative,1,275,673454.285423,4349513.472347,39.261964972301,119.009897518479,0.000000000000,0.000000000000,0.000000000000,0.000000000000,40206.093750000000,14596.946912923026,-139.499486551954,1,1,0,1,1,1.000000000000,0
1,277,Tentative,1,276,673640.411685,4348969.699683,39.257048252728,119.011425153941,0.000000000000,0.000000000000,0.000000000000,0.000000000000,40206.093750000000,15171.264224732466,-138.885578904070,1,1,0,1,1,1.000000000000,0
1,278,Tentative,1,277,673551.128661,4350136.587994,39.267563790297,119.011019040893,0.000000000000,0.000000000000,0.000000000000,0.000000000000,40206.222656250000,14192.167462488553,-141.417212425597,1,1,0,1,1,1.000000000000,0
1,279,Tentative,1,278,673539.813643,4350149.917922,39.267685999807,119.010888003958,0.000000000000,0.000000000000,0.000000000000,0.000000000000,40206.222656250000,14174.685087840935,-141.419176104984,1,1,0,1,1,1.000000000000,0
1,280,Tentative,1,279,675049.213815,4348347.099519,39.251151748737,119.027734993463,0.000000000000,0.000000000000,0.000000000000,0.000000000000,40206.222656250000,16524.636053552462,-141.200750070421,1,1,0,1,1,1.000000000000,0
1,281,Tentative,1,280,674463.442394,4348974.935741,39.256930356694,119.020953488548,0.000000000000,0.000000000000,0.000000000000,0.000000000000,40206.222656250000,15703.334831684902,-141.250074281512,1,1,0,1,1,1.000000000000,0
1,282,Tentative,1,281,675040.732118,4348325.736421,39.250961228847,119.027636800716,0.000000000000,0.000000000000,0.000000000000,0.000000000000,40206.222656250000,16535.099018348410,-141.129593159648,1,1,0,1,1,1.000000000000,0
1,283,Tentative,1,282,674455.607240,4349089.112441,39.257959319599,119.020862780312,0.000000000000,0.000000000000,0.000000000000,0.000000000000,40206.222656250000,15612.582458912109,-141.505352601742,1,1,0,1,1,1.000000000000,0
1,284,Tentative,1,283,675007.377048,4348328.976335,39.250997107059,119.027250648452,0.000000000000,0.000000000000,0.000000000000,0.000000000000,40206.222656250000,16510.685288020042,-141.050349304897,1,1,0,1,1,1.000000000000,0
1,285,Tentative,1,284,674974.304221,4348315.874772,39.250885882723,119.026867763586,0.000000000000,0.000000000000,0.000000000000,0.000000000000,40206.222656250000,16498.827006014915,-140.933112522889,1,1,0,1,1,1.000000000000,0
1,286,Tentative,1,285,674728.320596,4348607.013394,39.253566434644,119.024020001616,0.000000000000,0.000000000000,0.000000000000,0.000000000000,40206.222656250000,16118.598887489930,-140.949033693844,1,1,0,1,1,1.000000000000,0
1,287,Tentative,1,286,675177.090611,4348363.350322,39.251272182864,119.029215424203,0.000000000000,0.000000000000,0.000000000000,0.000000000000,40206.222656250000,16597.177358239755,-141.569833002601,1,1,0,1,1,1.000000000000,0
1,288,Tentative,1,287,674424.736879,4348918.736338,39.256432439090,119.020505391476,0.000000000000,0.000000000000,0.000000000000,0.000000000000,40206.222656250000,15720.088214763438,-141.008668075487,1,1,0,1,1,1.000000000000,0
1,289,Tentative,1,288,674473.585410,4349158.445533,39.258579581780,119.021070915083,0.000000000000,0.000000000000,0.000000000000,0.000000000000,40206.222656250000,15572.788410562729,-141.725619372285,1,1,0,1,1,1.000000000000,0
1,290,Tentative,1,289,674645.040016,4349553.684093,39.262087887293,119.023687337017,0.000000000000,0.000000000000,0.000000000000,0.000000000000,40206.222656250000,15359.129252775854,-143.036452202321,1,1,0,1,1,1.000000000000,0
1,291,Tentative,1,290,674685.347649,4348590.943795,39.253430484781,119.023522501424,0.000000000000,0.000000000000,0.000000000000,0.000000000000,40206.222656250000,16102.549696566270,-140.797475211256,1,1,0,1,1,1.000000000000,0
1,292,Tentative,1,291,673935.492124,4349580.785688,39.262474317801,119.015470267579,0.000000000000,0.000000000000,0.000000000000,0.000000000000,40206.222656250000,14862.494781551321,-141.111780026293,1,1,0,1,1,1.000000000000,0
1,293,Tentative,1,292,673939.384376,4349605.575925,39.262696605624,119.015515342793,0.000000000000,0.000000000000,0.000000000000,0.000000000000,40206.222656250000,14846.424569367573,-141.184951842871,1,1,0,1,1,1.000000000000,0
1,294,Tentative,1,293,675271.221553,4348466.886437,39.252196100720,119.030305177697,0.000000000000,0.000000000000,0.000000000000,0.000000000000,40206.222656250000,16583.924953536218,-142.046474338736,1,1,0,1,1,1.000000000000,0
